USER,CONTENT,DATE & TIME,COMMENTS,LIKES,LOCATION
一条普通的秋刀鱼,2020 02 29 把上次在pyq被点没回答的回答一下叭1.有喜欢的人吗:沈巍（）2.喜欢可乐还是牛奶：非要选那就可乐吧，其实最喜欢酷儿和茉莉清茶3.喜欢啤酒还是鸡尾酒:   都可以4.密码里有别人的生日吗:手机锁屏有5.觉得@你的那个人怎么样: 好看6.喜欢喝酸奶还是喝牛奶: 酸奶7.喜欢草莓味儿吗：这不废话吗8.衣橱里衣服多还是裤子：衣服9.身边有你能信任的人吗:这什么鬼问题10.有人喜欢你吗:  莫得11.爱哭吗:  大概只为文学作品里的“兄弟情”哇哇大哭过12.最喜欢的植物：不能吃的算是玫瑰花🌹吧，能吃的当然是豆角13.爱吃醋吗:吃谁的？14.喜欢自拍吗：有时候特别喜欢，大多数时间懒得修图15.敢不敢打你喜欢的人:  沈巍吗？不了不了16.喜欢QQ还是微信: 都可以17.心事多吗：早上吃啥，中午吃啥，晚上吃啥18.喜欢以前还是现在:  怀念以前但是再也不想回到以前，一直往前走吧19.上次哭是什么时候: “我等了你一万年”20.情敌意外落水你正好经过你会：情敌谁？赵云澜吗21.经常晚睡吗：晚睡多不好，通宵吧（从6月开始就没12点之前睡过，从1月开始就没1点前睡过，1月中旬开始就没两点前睡过，1月末开始往三点走了，最近半个月习惯通宵了？）2020  02 29 现在正在读白夜行读完了四分之一 现在正处于新冠状病毒肺炎时期 现在还没开学  现在最喜欢的人是沈巍 现在最喜欢的一条项链带着小老虎读书的吊坠 现在特别喜欢手腕上挂着一条酒红石榴石和一条草莓晶加一条金手链  现在的手机壳是皮卡丘 现在22岁  今天中午吃了土豆炖牛肉 现在的梦想是将来当一名老师 现在的目标是30岁之前能攒够大部分的大连当地一个40平米房子的首付外加能给自己买得起一个小小的钻戒和一个喜欢的好一点的手表 给妈妈买一整套她最喜欢的护肤品 给她的美容卡和美甲卡充上足足的钱 30岁之前要想办法签署一个遗体捐赠书 万一要是死掉了还能有点用处 如果到时候不贫血了一定要献血两到三次每次400cc 如果这些做完之后还有余力一定要去巴塞罗那看一看 其实对于其他的地方 也并没有那么想去旅游 现在依然是条单身狗但是好像并没有感到不开心谈恋爱结婚不在人生计划之中如果遇到算是意外之喜  现在的头发有点短 过年之前刚刚被剪 未来不想烫发了 要留直 留到齐腰再烫大波浪然后再染个棕色吧 现在只有一对耳洞 计划未来两年内再打一对 现在没有粉底没有眼影 将来也不准备用 太费劲了 现在莫得纹身 也不知道将来纹不纹 但是有这种想法 现在没有宠物 考虑了很久觉得将来也不要宠物 实在是照顾不好大概先就这么多我实在太能叨叨了 收起全文d,02月29日 22:50,评论 , ,
好好读书郭大花,#有趣# #巴塞罗那# 2西班牙·巴塞罗那 #高迪# 去年的夏天瞎剪的视频有趣的地方和无趣的我#假文艺片# L好好读书郭大花的微博视频 ​,02月29日 21:23,评论 ,2,西班牙·巴塞罗那
不如秋盈盈盈1012-,KLast Dance-伍佰 去年在板鸭待的最后一段时间，现在终于把VLOG剪出来了。在巴塞罗那看演唱会，跟着旅游课一起去漂流，和学姐去Torrevieja度假，真的是很适合放松的地方剪辑app: videoleap片头片尾动画：videoleap音乐：Someday or One Day-孙盛希其他all by 不如秋盈 L不如秋盈盈盈1012-的微博视频 收起全文d,02月29日 20:03,评论 7,10,
排骨韩牛的反义词是Secret,2020.2.29   (在家自闭的No.31)立一个说走就走的旅游flag去一次德国柏林和西班牙的巴塞罗那今年应该不可能，但未来的四年里一定要做到#四年一度的2月29来了# ​,02月29日 20:01,评论 ,1,
李叔浅,#vlog##欧洲旅行##西班牙旅行#2西班牙·巴塞罗那2西班牙·马德里#伯纳乌球场# vlog10西班牙🇪🇸 巴塞罗那 马德里游玩小tips巴塞罗那 真的不要太美 一千个推荐而高迪的老师 的圣保罗医院 更是个中翘楚巴塞罗那 的海边 也挺不错 值得一去马德里景点略少 但是 如果是皇马的球迷      不管是不是啦 也要去一次 伯纳乌球场      看一场真正的 皇马在主场对战的 球赛     不管看不看得懂 你也一定会被西班牙人对足球的狂热热情所感染der 欧洲之行结束啦 这次回去 也是波折 赶上疫情 但是 欧洲哪 a thousand times goodbye L李叔浅的微博视频 收起全文d,02月29日 19:24,评论 4,6,西班牙·巴塞罗那西班牙·马德里
梓染Ashley,#西班牙旅行# 巴塞罗那的传奇建筑师，不止高迪一人。“鲜花建筑师”蒙塔内尔同样才华惊人，他设计的加泰罗尼亚音乐宫，拥有奇迹般的水滴形状玻璃穹顶，彩绘玻璃与马赛克瓷砖装饰，让这里美得犹如皇宫。音乐厅还有超过2000朵玫瑰，去巴塞罗那旅行时，留心去找找看吧！#旅游博主宅家攻略#  ...展开全文c ​,02月29日 16:22,评论 , ,
旅行小小V,#房似锦借钱#那不勒斯出场对阵巴塞罗那#鸡鸣寺消息树开花##旅游##带着微博去旅行# L旅行小小V的微博视频 ​,02月29日 14:18,评论 69,26,
RayZhang_0503,接着之前马德里的行程，这期来到了巴塞罗那。这座城市可能是至今为止去过的欧洲城市里我最喜欢的。相较于马德里，这里更有生活气息。热情，松弛，食物好吃。这一期探索了西班牙建筑大师高迪的作品米拉之家和巴特罗之家。Go！2西班牙·巴塞罗那#带着微博去旅行# @DanDan面990 LRayZhang_0503的微博视频 收起全文d,02月29日 12:23,评论 10,29,西班牙·巴塞罗那
再哭就去死掉,梦见跟朋友去巴塞罗那旅游，那个城市的街道规划如同棋盘格一般，所以坐在去往民宿的车上，一路上所给我呈现的景色是重复的，我很好奇司机为何不会迷路。这次的民宿很大，而且房子主人一家也和我们住在一起，还梦到了部分明星与我们一同入住，但第二天开始，不知为何我们的任务便成为了要抓住这些明星，让他们离开。在二楼抓住了郑恺后，我们前往三楼去劝说我的大学班长自己离开这个地方，他不愿意，说自己还没能找到答案，并让我们去五楼看看。五楼极其大，是一个小型水上乐园，据班长所言，我的剧作基础老师在那里做着人体试验，会抓人去那个最角落的房间里解剖你的身体，我去看了一眼，正好与他对视，吓得我醒了。 2佛山 收起全文d,02月29日 11:28,评论 , ,佛山
算命仁,【最适合十二星座旅游的欧洲城市之二】天秤座-音乐之都-奥地利维也纳；天蝎座-七丘之城-意大利罗马；射手座-浪漫与浪迹天涯-西班牙巴塞罗那；魔羯座-古朴理性刻板-英国伦敦；水瓶座-深深窄巷-西班牙塞维利亚；双鱼座-花样浪漫-法国普罗旺斯。#八字算命婚姻##六爻断卦##婚期择吉##失恋婚姻情感挽回#取名#八字算命婚姻事业财运##f风水# 收起全文d,02月29日 11:04,评论 1, ,
真蛇九子,#巴塞罗那#足不出户，跟着百度走进位于伊比利亚半岛东北部濒临地中海，西班牙🇪🇸第二大城市，加泰罗尼亚自治区首府巴塞罗那。这里是港口城市，享誉世界地中海风光旅游目的地和世界著名的历史文化名城。气候宜人、风光旖旎、古迹遍布，素有“伊比利亚半岛的明珠”之称，是西班牙最著名的旅游胜地。 ​,02月29日 06:08,评论 ,1,
心情驿站997788,孩子在西班牙巴塞罗那旅游（二） ​,02月29日 05:21,评论 ,2,
荭孩儿-,#西班牙旅行# 巴塞罗那的传奇建筑师，不止高迪一人。“鲜花建筑师”蒙塔内尔同样才华惊人，他设计的加泰罗尼亚音乐宫，拥有奇迹般的水滴形状玻璃穹顶，彩绘玻璃与马赛克瓷砖装饰，让这里美得犹如皇宫。音乐厅还有超过2000朵玫瑰，去巴塞罗那旅行时，留心去找找看吧！#旅游博主宅家攻略#  ...展开全文c ​,02月29日 00:42,评论 , ,
丁纵哗丁紧,#西班牙旅行# 巴塞罗那的传奇建筑师，不止高迪一人。“鲜花建筑师”蒙塔内尔同样才华惊人，他设计的加泰罗尼亚音乐宫，拥有奇迹般的水滴形状玻璃穹顶，彩绘玻璃与马赛克瓷砖装饰，让这里美得犹如皇宫。音乐厅还有超过2000朵玫瑰，去巴塞罗那旅行时，留心去找找看吧！#旅游博主宅家攻略#  ...展开全文c ​,02月28日 20:34,评论 , ,
Miracle的味道麦,#西班牙旅行# 巴塞罗那的传奇建筑师，不止高迪一人。“鲜花建筑师”蒙塔内尔同样才华惊人，他设计的加泰罗尼亚音乐宫，拥有奇迹般的水滴形状玻璃穹顶，彩绘玻璃与马赛克瓷砖装饰，让这里美得犹如皇宫。音乐厅还有超过2000朵玫瑰，去巴塞罗那旅行时，留心去找找看吧！#旅游博主宅家攻略#  ...展开全文c ​,02月28日 20:32,评论 , ,
NANXI熊,#西班牙旅行#@微博旅游 #旅行美食#发布了头条文章：《巴塞罗那小记（2）丨食篇》  O巴塞罗那小记（2）丨食篇 ​,02月28日 17:17,评论 , ,
浩野户外旅行,西班牙巴塞罗那 | 百年建筑圣家族大教堂~~信仰的美学力量令人震撼~~！ #旅游##不止旅行##带着微博去旅行# ​,02月28日 15:25,评论 16,8,
蒹葭全球旅行,一个妈妈带孩子的旅行很孤单、很不安全一群妈妈带孩子旅行超级high去年粒粒和几位会员带着宝贝们在巴塞罗那玩泡泡的视频[愉快]国际带娃团[机智] 2合山市 L蒹葭全球旅行的微博视频 ​,02月28日 14:08,评论 ,1,合山市
游走地球君,#旅游#巴塞罗那的城市规划，简直是强迫症患者的最爱，他们都不迷路的吗。 L游走地球君的微博视频 ​,02月28日 10:01,评论 1, ,
捡人群,捡人 目的地：突尼斯🇹🇳出发地：巴塞罗那出发时间：3.7 驴友微博：@看向太阳呀旅程介绍：流浪者之旅 感兴趣的小伙伴可以突尼斯见  一路从突尼斯玩到埃及深度游玩 时间可以到4.1号 会开车可以自驾有多国自驾游经验 #突尼斯##突尼斯旅行##突尼斯旅游# ​,02月28日 08:48,评论 1, ,
椭圆X,2月出去旅游，在西班牙和意大利里徘徊了一下去了西班牙……临时改了行程，原定的23号离开巴塞罗那的航班改到了20号，巴塞罗那的确诊病例23号入境，真的，后怕来的……,02月27日 21:58,评论 2, ,
心情驿站997788,孩子今天去西班牙巴塞罗那旅游！ ​,02月28日 06:00,评论 ,1,
果啤小剧场-,#易烊千玺2020前路遂心与你同行##易烊千玺朋友请听好# @TFBOYS-易烊千玺 有新粉没看过这个视频吗易烊千玺巴塞罗那游记，旅游的小千超级可爱，看完没有不喜欢他的L易烊千玺JacksonYee工作室的秒拍视频 一心一意易烊千玺 ​,02月28日 05:48,评论 , ,
云集经理-多多,巴塞罗那——那梦幻般的建筑！巴塞罗那气候宜人、风光旖旎、古迹遍布，素有“伊比利亚半岛的明珠”之称，是西班牙最著名的旅游胜地。 88b8 ​,02月28日 03:39,评论 , ,
出境旅游,出境游 目的地：突尼斯🇹🇳出发地：巴塞罗那出发时间：3.7 博主微博：@看向太阳呀旅程描述：流浪者之旅 感兴趣的小伙伴可以突尼斯见  一路从突尼斯玩到埃及深度游玩 时间可以到4.1号 会开车可以自驾有多国自驾游经验 #结伴##结伴旅游##结伴旅行##突尼斯##突尼斯旅行##突尼斯旅游##出境游# 收起全文d,02月28日 03:36,评论 1, ,
约伴捡人组队拼车结伴同行去旅行,约伴捡人组队拼车结伴同行去旅行 目的地：突尼斯🇹🇳出发地：巴塞罗那出发时间：3.7 博主微博：@看向太阳呀旅程描述：流浪者之旅 感兴趣的小伙伴可以突尼斯见  一路从突尼斯玩到埃及深度游玩 时间可以到4.1号 会开车可以自驾有多国自驾游经验 #结伴##结伴旅游##结伴旅行##突尼斯##突尼斯旅行##突尼斯旅游##约伴捡人组队拼车结伴同行去旅行# 收起全文d,02月28日 03:32,评论 , ,
捡人V,捡人旅行 目的地：突尼斯🇹🇳出发地：巴塞罗那出发时间：3.7 博主微博：@看向太阳呀旅程描述：流浪者之旅 感兴趣的小伙伴可以突尼斯见  一路从突尼斯玩到埃及深度游玩 时间可以到4.1号 会开车可以自驾有多国自驾游经验 #结伴##结伴旅游##结伴旅行##突尼斯##突尼斯旅行##突尼斯旅游##捡人##捡人旅行# 收起全文d,02月28日 03:31,评论 , ,
结伴群,结伴旅行 目的地：突尼斯🇹🇳出发地：巴塞罗那出发时间：3.7 博主微博：@看向太阳呀旅程描述：流浪者之旅 感兴趣的小伙伴可以突尼斯见  一路从突尼斯玩到埃及深度游玩 时间可以到4.1号 会开车可以自驾有多国自驾游经验 #结伴##结伴旅游##结伴旅行##突尼斯##突尼斯旅行##突尼斯旅游# ​,02月28日 03:23,评论 , ,
结伴群,结伴旅游 目的地：突尼斯🇹🇳出发地：巴塞罗那出发时间：3.7 博主微博：@看向太阳呀旅程描述：流浪者之旅 感兴趣的小伙伴可以突尼斯见  一路从突尼斯玩到埃及深度游玩 时间可以到4.1号 会开车可以自驾有多国自驾游经验 #结伴##结伴旅行# ​,02月28日 03:21,评论 , ,
傲视众生的香菜婕,#易烊千玺2020前路遂心与你同行##易烊千玺朋友请听好# @TFBOYS-易烊千玺 有新粉没看过这个视频吗易烊千玺巴塞罗那游记，旅游的小千超级可爱，看完没有不喜欢他的L易烊千玺JacksonYee工作室的秒拍视频 一心一意易烊千玺 ​,02月28日 00:28,评论 ,1,
英国购物委员,Hotels.com好订网精选酒店用码【LEAP8 】享8%OFF，可叠加低至5折原有折扣。预订折扣范围是2月27日至6月30日期间的酒店，包括伦敦、巴塞罗那、洛杉矶、东京、迪拜等全球热门旅游城市的酒店都参加折扣！官网链接：O网页链接注意连锁酒店不参与此折扣，预定前小伙伴可确认价格下方有无标黄提示（如图2） 收起全文d,02月27日 23:47,评论 ,3,
口袋西语,西班牙过去72个小时新增新冠病毒肺炎确诊病例15例，总计17例。此前被确诊的2人已治愈出院。特内里费岛累计4例2月24日，一名正在加那利岛度假的意大利伦巴第大区的医生被确诊感染了新冠肺炎。之后其妻子和其中2位朋友先后被确诊。加泰罗尼亚累计3例首位患者是一名36岁的意大利籍女子，居住在巴塞罗那，2月12至22日去过伦巴第大区的贝加莫市和米兰。另两名，22岁，均有意大利米兰旅游史。马德里累计4例其中2例是从意大利返回的西班牙人分别在24号与25号出现症状。27日新增的2例，分别为77岁和50岁患有肺炎的老人，并非西班牙境外输入病例。瓦伦西亚累计2例25日确诊1例，31岁男性，曾与朋友前往意大利米兰参加单身派对。27日新增1例，44岁男性，被外派报道瓦伦西亚与亚特兰大赛事的记者。塞维利亚1例，患者今年62岁，2月20日因肺炎住院观察。近期尚未离开过西班牙。戈梅拉岛累计2例27日新增1例，女性，曾于2月4日至2月8日在意大利停留。 收起全文d,02月27日 23:00,评论 6,22,
西班牙艾恩,巴塞罗那大学旅游学院第二批3月3日截止申请，唯一一所进入QS大学排名世界前200的西班牙大学🇪🇸 欢迎同学们联系申请，准备笔试面试✏️ 2西班牙·马德里 ​,02月27日 22:30,评论 , ,西班牙·马德里
Angie人渔公主,#西班牙旅行# 巴塞罗那的传奇建筑师，不止高迪一人。“鲜花建筑师”蒙塔内尔同样才华惊人，他设计的加泰罗尼亚音乐宫，拥有奇迹般的水滴形状玻璃穹顶，彩绘玻璃与马赛克瓷砖装饰，让这里美得犹如皇宫。音乐厅还有超过2000朵玫瑰，去巴塞罗那旅行时，留心去找找看吧！#旅游博主宅家攻略#  ...展开全文c ​,02月27日 19:38,评论 , ,
咪咕足球,#三十三#【鉴于疫情，狼队向远征西班牙球迷发出预警】北京时间2月28日凌晨的欧联杯比赛中，西班牙人将坐镇主场迎战狼队。鉴于西班牙疫情，狼队对球迷远征军发出预警和忠告。忠告称:“所有前往西班牙人队主场的球迷都应该意识到，在巴塞罗那有少量的冠状病毒确诊病例，就像在英国的部分地区一样。我们希望狼队的球迷们谨慎出行，并鼓励他们遵守当地政府出台的任何的检查措施。对于任何前往西班牙的球迷来说，阅读政府关于冠状病毒的建议和西班牙旅游指南是很重要的。”#中国向日本提供抗疫情物资 # 收起全文d,02月27日 19:28,评论 ,2,
鹿兪则淮-,日常大概是日常吧 最近就只是宅在家里啦 照片好难 因为摄像头坏了很少拍照而且也少拍唯一出去活动的一次是全副武装冲向肯德基hh今晚开始我必keep!!狗屁王者荣耀 浪费我的时间 我卸载了今天开始不想打 虽然我还是就下载回来的 老是卡星耀 哈哈 上上下下886 我不是sin图像还有就是苏打绿回归回归 本粉很激动!嗷!喜欢的可以去网易云听哦!刚发的新歌 tomorrow will be fine!然后也可以动动小手指打个榜hh希望今年能去看一次他们的演唱会 我对演唱会有种蜜汁向往!!希望以后自己有能力可以一场场去看 还有旅游也很想 希望自己以后攒钱可以出国玩的时候 去两个我最想去的地方 看希腊的夜空 看巴塞罗那的黄昏 我好喜欢这两个地方!!至于前段时间的故事到这里结束了 我也把相册都清掉了 （莫名的仪式感?） 收起全文d,02月27日 16:50,评论 62,142,
爽快的海龟50f4,#易烊千玺2020前路遂心与你同行##易烊千玺朋友请听好# @TFBOYS-易烊千玺 有新粉没看过这个视频吗易烊千玺巴塞罗那游记，旅游的小千超级可爱，看完没有不喜欢他的L易烊千玺JacksonYee工作室的秒拍视频 一心一意易烊千玺 ​,02月27日 15:56,评论 1, ,
OFFICIAL神州学人,【驻巴塞罗那总领馆提醒中国公民注意加区疫情变化】2020年2月25日，西班牙加泰罗尼亚自治区（简称“加区”）发现首例新冠肺炎确诊病例，患者为居住在巴塞罗那的意大利公民，近期曾前往意大利北部疫情严重地区。　　驻巴塞罗那总领馆提醒旅居加区的华侨华人、中资机构和留学人员及前来旅游、出差、探亲的中国公民关注疫情变化，做好科学防控，合理制定出行计划。同时避免恐慌，不信谣、不传谣、不造谣。　　建议大家留意当地卫生部门发布的防疫措施，掌握应急处置方法。如近期曾前往疫情较为严重的地区，建议居家观察，如有发热、咳嗽、呼吸困难等症状，请拨打加区疾控中心电话0034-061求助。如有中国公民入院隔离，请当事人或亲属第一时间向我馆通报。　　驻巴塞罗那总领馆领事保护与协助电话：0034-932125622（不接受证件咨询，周一至周五9:00-14:00，16:00-18:00，其他时间拨此号码转接外交部12308热线：0086-10-12308。证件咨询请拨打：0034-932547070） 收起全文d,02月27日 15:21,评论 ,2,
用户61l5rj865f,巴塞罗那因其众多历史建筑和文化景点成为众多旅游者的目的地。02AxkrA27。塞罗那素有“伊比利亚半岛的明珠”之称。而巴塞罗那的夜晚更让人为之神往，只有去过才能体会他的美。 ​,02月27日 13:26,评论 , ,
垅长,你不可错过的巴塞罗那度假指南 一个人旅游丶的微博视频 ～02tugcB27。 ​,02月27日 11:58,评论 , ,
踩着新闻30分的拍子走show,巴塞罗那风景真没美，挺适合旅游加拍摄,02月27日 11:13,评论 , ,
Chilen96831,分享@萝卜丝小姐 的@绿洲 动态：#宅家过春天# 「家居｜好想出去旅游啊」 去年在巴塞罗那的民宿O绿洲 ​,02月27日 09:35,评论 , ,
好久不见WFD,巴塞罗那——那梦幻般的建筑！巴塞罗那气候宜人、风光旖旎、古迹遍布，素有“伊比利亚半岛的明珠”之称，是西班牙最著名的旅游胜地。 88b6 ​,02月27日 08:03,评论 , ,
票天地,巴塞罗那一提起巴塞罗那，就会想到旷世奇才高迪。来巴塞一定要看看高迪所注入心血的杰作。来巴塞罗那，我们推荐你参观巴特略之家，它位于巴塞罗那市中心，是该市参观人数最多的旅游景点之一。一旦你进入了前面，你就会感觉你进入了一个神奇的世界，你将会沉浸在高迪所设计的每一个细节中。要说起我们最喜欢高迪著作，那当然就是巴特略之家，奇特而富有生命力，谁能不爱呢？巴塞罗那 巴塞罗那旅行 西班牙 西班牙旅行 西班牙 #巴塞罗那圣家堂##西班牙# #西班牙旅行# #再见西班牙# #巴塞罗那# #巴塞罗那旅行# #午夜巴塞罗那##欧洲# #欧洲旅行# #欧洲旅行攻略# #西班牙旅行笔记# #西班牙人# #欧洲旅行攻略# #跟着欧洲杯去旅行# #票天地# #旅行# #带着微博去旅行#  #带着微博去巴塞罗那#  #最炫打卡地# #慢游全世界# #旅行新势力# #遇见美好时光# #不止旅行# #全球旅行攻略# #值得去# 收起全文d,02月27日 08:00,评论 8,15,
智揽天下,新冠日记7：        位于加那利群岛的Tenerife，是欧洲人度假旅游的热门地。这次1000多人的隔离和国内相比，并不是非常的严格规范。不过，那里已经是夏天的味道了，白天又20多度了，病毒生存和传播的机会可能小了很多。这不在研究印度、新加坡等热带地区为什么目前还相当可控，其中一个原因也许和天气温度高抑制作用有关。        根据今天的最新播报，西班牙已增加到10例，除去Tenerife的四例，已经在本土出现了7例，主要都与意大利相关。西班牙政府为此加强了管控措施，尽管如此，并没有限制与意大利等其它国家的交通往来。        在马德里、巴塞罗那等大城市的街道上，没有看到戴口罩和恐慌的现象。只是试着到一个药店，询问是否有口罩，被告知没有货。        目前来看，不同国家在对付新冠都有各自的招数。新加坡又自己特色的，欧盟也有独特的考虑和规则。显然，限制申根地区的流动往来，对欧盟来说是大规模瘟疫流行才会采取的极端措施，目前仍然可控，未构成规模性传播。        疫情期间，推荐一款健康饮食，地中海沙拉。居家就可以做，食材随个人爱好，重要的是加橄榄油。  2西班牙 收起全文d,02月27日 01:15,评论 , ,西班牙
用户7339801080,分享@萝卜丝小姐 的@绿洲 动态：#宅家过春天# 家居｜好想出去旅游啊 去年在巴塞罗那的民宿O绿洲 ​,02月26日 21:46,评论 , ,
tim963852741,#旅游空想大赛#去巴塞罗那,02月26日 17:30,评论 , ,
西班牙的那些事,部分西班牙人在疫情中的乐观主义迷之操作-今天在马德里及巴塞罗那已经有确诊病例了，当地的老年人看起来还是比较重视的，行动思路也是去抢购消毒液，口罩等商品，反而年轻人不太重视这件事情，个别年轻人开始了二哈式的乐观迷之操作。图1，大意如下，如果你看不见病毒，病毒也就看不见你哦。真想加一条评语：这不是掩耳盗铃吗。图2，病毒来了，医院可能会不够用，怎么办？你看，已经在开始建设了。问，什么时候建好啊，回，大约2034年吧。图3，自制口罩，在西班牙已经很难买到口罩了，怎么办？请看这位仁兄，直接带着那啥就出门了。你就说厉害不厉害吧。图4-6是当地的一家报纸，名字叫20分钟。大概意思就是报纸的内容20分钟就能读完，据说该报纸发行量还不小，今天的大致内容是：确实发现有病毒了，但是不用担心，一切尽在掌握之中，大家该忙啥就忙啥吧。说实话，挺佩服这种乐观主义精神的，但是，事情跟这些心大的人想象的不一样啊，还是严肃起来，重视起来，紧张起来吧。西班牙人啊，你可长点心吧#西班牙的那些事# 西班牙旅行 #美丽西班牙# 西班牙旅游 #玩在西班牙# 西班牙 收起全文d,02月26日 20:56,评论 7,6,
兹-西班牙,#新型冠状病毒# #西班牙# #意大利# #巴塞罗那# 加泰罗尼亚，也就是巴塞罗那，再确诊1例病例，刚刚。也是有意大利旅游经历。。。。。意大利的0号病人依然成谜。 ​,02月26日 19:58,评论 3,1,
用户6378132436,[精选] 情人多达5000名、私生子无数；谁能想到荒唐国王曾...。查看👉👉👉O网页链接提起西班牙这个国家，首先想到的便是著名的旅游景点巴塞罗那教堂，哥特风格的垂直高耸感，使得人们在它面前无一不赞美它的雄伟壮观，其次便是它象征着人民对祖国的一片赤胆忠心的由红黄两色所组成的国旗。但是与这两O网页链接 收起全文d,02月26日 19:00,评论 , ,
英国购物委员,48小时闪促！Hotels.com好订网酒店低至5折，预订折扣范围是2月26日至4月7日期间的酒店，包括伦敦、巴塞罗那、洛杉矶、东京、迪拜等全球热门旅游城市的酒店都参加折扣！官网链接：O网页链接 ​,02月26日 18:54,评论 1,6,
西班牙吃货小分队,马德里第二例已确诊！西班牙在超过36小时内确诊了8例冠状病毒阳性病例，前两个受影响的病例分别在戈梅拉（2月1日）和帕尔玛（2月10日），患者目前已经出院。8名新感染者分别是：特内里费岛4例—周一下午测试为阳性的意大利医生，他的妻子和另外两名来自他酒店的意大利人；2例在马德里，1例在巴塞罗那，1例在卡斯特利翁。所有新案件都涉及到意大利旅行。自疫情爆发以来，在西班牙一共有10个人被发现感染了Covid-19。2西班牙西班牙旅游#抗击新型肺炎第一线# 2西班牙·马德里 收起全文d,02月26日 18:30,评论 , ,西班牙西班牙·马德里
ISDIN中国,等疫情结束，#ISDIN#怡思丁希望你们都能去到心中想去的地方，给大家介绍一下小怡的总部所在地西班牙巴塞罗那，一个常年明媚的城市，适合拥抱太阳和期待~#在家云旅游# 首先是最著名的圣家堂，一个阳光透过彩色琉璃窗的折射自然光线的教堂，寻迹着建筑大师高迪源源不断地创作和灵感来源。再来是巴特罗之家 ，十字架形的烟囱代表英雄，鳞片状拱起的屋顶是巨龙的脊背，镶嵌彩饰的玻璃和构思独特的阳台则是面具，在阳光的照耀下色彩缤纷。还有颇为特色的米拉之家——是高迪设计的最后一个私人住宅，波浪形的外观和奇形怪状的烟囱都印证着高迪的那句至理名言：“直线属于人类，而曲线则属于上帝”。有些荒诞怪异的米拉之家绝对是二十世纪世界上最重要的建筑之一！希望各位宝宝们等疫情结束，能去到这个拥抱阳光的城市一窥全貌，并观赏诸多的高迪特色建筑，耐心等待，#守护你的期待#，重拾美景~#抗光老，护年轻# #光老化专家# 收起全文d,02月26日 18:03,评论 113,87,
享梦游·子梦,❤️ 未来可期，美好值得等待给远方放个小长假，疫情过后我们再出发穿过人山人海，去看大江大河，名山大川##带着梦想去旅行[超话]##旅游##环球旅游##国内旅游##国外旅游##环球旅行##亲爱的##亲爱的热爱的##巴厘岛##沙巴##美娜多##仙女##海滩##澳门##马尔代夫##冰岛##瑞士##土耳其##日本##茶卡盐湖##西藏##澳大利亚##希腊##芬兰##意大利##西班牙##法国##英国##德国##英国##北极##北京##武汉##上海##青海湖##拉萨##洱海##说走就走##想去哪就去哪##旅行的意义##成长##梦想##一起##实现##你呢##一起旅行吧##世界这么大##仙本那##塞班岛##美国##云南##丽江##大理##桂林##三亚##俄罗斯##全世界##旅游##你来吗##我等你##亲爱的##玩赚世界 全球旅拍 客片分享##微博赚钱季##创业##以梦为马##越南##芽庄##情侣##情人节##情人节快乐##七夕情人节快乐##酒店##机票##故事##缅甸##大理##青海##澳门##武汉##吃喝玩乐##创业##美业##情人节##快乐##享梦游[超话]##赛里木湖##大海##沙滩##自驾游##嗯##旅游##内蒙古##兰卡威##马来西亚##马来西亚十大旅游景点##瑞士##澳大利亚##伊斯坦布尔##优秀##斜杠青年##轻资产创业引领者##环球旅游##布拉格##吴哥窟##巴塞罗那##毛里求斯##清迈##开罗##普罗旺斯##东京##新加坡##罗马##伦敦##迪拜##巴黎##圣托里尼##斐济##夏威夷##大溪地##威尼斯##皇后镇##悉尼##典雅##米兰##林芝##莫斯科##雅典##纽约##苏梅岛##摩洛哥##阿尔卑斯山##奥克兰##棉花堡##想去哪就去哪##一起旅游##爱##陪伴##我和微博的那些事##副业兼职[超话]##分享经济##享梦游[超话]##旅行体验师招募[超话]##_享游达人[超话]# 收起全文d,02月26日 17:38,评论 , ,
环球旅行中转站,#景点介绍# 一边工作一边玩转巴塞罗那，你需要这份指南 O网页链接 ​,02月26日 14:55,评论 ,1,
闺蜜环游,#在家云旅行#西班牙巴塞罗那🇪🇸｜圣家大教堂 等待2026年完工的那一天@微博旅游 @绿洲旅行  O绿洲 ​,02月26日 14:40,评论 , ,
Chensmiling橙子,"#因为美食记住一座城##旅游博主宅家攻略# 让我不得不记住的，就是一进门这长长的名人强，根本数不过来，太多名人政要来过这里，包括美国几届总统、球星比如梅西、好多歌星影星、皇室成员等等。这家是西班牙🇪🇸巴塞罗那百年海鲜店之一，2017年摘得米其林，这是我第二次来这家店了。🍤【店铺名】Botafumeiro🚗【地址】Carrer Gran de Gràcia, 81, 08012 Barcelona, 西班牙🦐【一定要点的餐品】→海鲜拼盘:可以是冷的，也可以是烤的。作为习惯了热食的我们，我推荐还是烤的，不仅保持了鲜味，而且火候刚好。→鹅肝:头盘一定要点它。鹅肝搭配芒果酱和树莓，非常特别，而且鹅肝本身就好像在吃芝士蛋糕一样好细腻啊→渔民风味烤蛤蜊:渔民随身不会有香料，因此所谓渔民风味就是简单的海盐、橄榄油和欧芹调味。→新鲜蒜片煮大虾:在菜品里加入各种大蒜，炸蒜片，还有一些香菜末（或者欧芹？），我想这就是西班牙小吃常见的做法。→番茄酱烤大扇贝:常规的烧烤做法基础上，洒了些中国叫做油渣子的东西，但愿是伊比利亚猪熬出来的油渣子。→墨鱼汁海鲜饭:重点来了！！非点不可！跟服务员强调饭要煮软，更符合国人胃口。@热门微博@微博VLOG @走遍巴塞罗那  @新浪旅游 @微博旅游 @微博美食 @西班牙国家旅游局 LChensmiling橙子的微博视频 收起全文d",02月26日 11:09,评论 115,119,
周岩带了叁把盐,#西班牙##巴塞罗那##塞维利亚##龙达# 云旅游2⃣️ ​,02月26日 09:52,评论 ,5,
新浪足球,加泰罗尼亚政府通报了当地新冠肺炎情况，巴塞罗那大区出现了首个确诊病例。确诊病例为女性，近日曾前往意大利北部旅游。这是西班牙境内第4例确诊病例，也是伊比利亚半岛首例。另外，据西班牙媒体报道，几名随队前往意大利观战的瓦伦西亚球迷在返回西班牙后出现了疑似症状。上周瓦伦西亚曾去往米兰参加与亚特兰大的欧冠比赛，而那正是意大利疫情的重灾区之一。 收起全文d,02月26日 09:12,评论 ,4,
西班牙TORO商务旅游有限公司,实时更新】巴塞新增8名疑似新冠肺炎病例￼2020-02-26 01:29换成我的查看疫情实时动态2月25日 17:54马德里新增2名疑似病例。一人在Hospital Puerta de Hierro医院接受检查，另外一人在el Gregorio Marañón医院进行检查。2月25日 17:16加泰罗尼亚地区11人疑似病例已排除。除已经隔离治疗的确诊患者外，还有8人疑似病例等待最终检测结果。2月25日 16:06巴塞罗那确诊患者在HOSPITAL CLINIC 隔离救治。与此同时，西班牙多地又出现约10例疑似病例。Segovia 2人、Toledo 3人、Cadiz 1人、Ciudad real 1人、Albacete 1人。Valencia一人以及Castellon 一人。￼2月25日 15:502月25日15点36分，加泰罗尼亚大区卫生部刚刚确认，第四例西班牙确诊病例。不过当局暂未透露更多细节，下午晚些时候，公共卫生部长Joan Guix将召开新闻发布会，说明详情。2月25日 10:35西班牙Tenerife岛确诊的第三例新冠病毒肺炎病例患者目前状况良好。2月24日 23:05西班牙Tenerife岛确诊第三例新冠病毒肺炎病例患者。感染患者为意大利人，男性。本周从伦巴第大区（意大利）前往Adeje市（Tenerife）旅游。根据加纳利大区卫生局的消息，这名来自意大利的患者，在今天下午身体不适，进入当地Nuestra senora de  la Candelaria综合医院。数小时后，此患者病毒核酸检测呈阳性。目前，该名患者已经被当地医疗部门隔离救 收起全文d,02月26日 03:33,评论 ,1,
Sergio飞翔的石头,"疫情在欧洲蔓延，作为旅游大国的西班牙未能幸免，今日确诊了3例: 一对在特内里费岛度假的意大利医生夫妇，一位居住在巴塞罗那的意大利妇女(目前5例感染者均为欧洲其他国家国籍，无西班牙人感染)。不出所料，西班牙人向世人展示了他们极弱的应对能力以及极其不靠谱的传统: 特内里费确诊病例的酒店封锁，近千人被""隔离""，但没有任何人管。酒店内可以随意活动，旧式中央空调依旧开启(这是又一个钻石公主号啊😱 )。巴塞罗那病例确诊后，我好几个西班牙朋友群里流传着这篇加泰最大报纸的文章《戴口罩不预防新冠病毒》。文章说，只有感染病人和医护需要戴口罩，一般人在街上戴了没用。大条的板鸭人对此深信不疑，还转发给我说我们小题大作。我气愤的回复: 你知道街上谁感染了吗？写脸上了吗？少出门，勤洗手，戴口罩。我们这好不容易好转，你们能上点心吗？吵完之后，西班牙友人们表示知道了，转身纷纷去参加狂欢节游行了 收起全文d",02月26日 01:50,评论 15,37,
吐槽欧洲杯,【国家报：巴塞罗那地区确诊第一例新冠肺炎】据西班牙国家报报道，加泰罗尼亚政府通报该地区已出现第一例新冠肺炎患者，系巴塞罗那居民，近日曾去意大利北部旅游。这名女性患者也是西班牙境内确诊的第四例新冠肺炎患者。 ​,02月26日 01:02,评论 ,1,
巴萨大学生联萌,西班牙国家报：加泰罗尼亚政府通报该地区已出现第一例新冠肺炎患者，系巴塞罗那居民，近日曾去意大利北部旅游。这名女性患者也是西班牙境内确诊的第四例新冠肺炎患者。此外，在西班牙特内里费有近千人被隔离在酒店，因一位意大利游客检测结果为阳性。近日意大利北部疫情扩散，意甲也因此受到影响，多场比赛空场举行。 收起全文d,02月26日 00:37,评论 ,3,
刁子鱼Yu,西班牙时间12月25日，巴塞罗那已经确诊一名新型肺炎患者，这是继加纳利群岛三例后，西班牙第四例新肺病例。这名患者此前曾在意大利北部旅游，现该游客的两个亲戚也在同一医疗中心接受观察，但在冠状病毒检测中呈阴性。据政府消息来源，这位意大利医生此前因为怀疑自己受到了影响，主动到医院要求进行检查。 西班牙卫生部现已激活了一条免费电话线900112061，在加那利群岛紧急服务（SUC）的协调下，护理小组将从该电话中响应市民对预防措施信息的要求，澄清与病毒有关的虚假概念。#抗击新型肺炎我们在行动# #西班牙# #抗击新型肺炎第一线# #新型冠状病毒# 收起全文d,02月25日 23:41,评论 , ,
Fenix_x,完犊子了，根据最新消息，加泰罗尼亚卫生部确认，今天（2月25日）在巴塞罗那出现第一例新冠肺炎确诊患者，该名患者近日去过意大利北部疫区旅游。 ​,02月25日 23:32,评论 5,6,
任语之,西班牙加泰罗尼亚又新增一例确诊。。。是之前去意大利旅游的巴塞罗那本地居民。这两天发展都是神特么快。 ​,02月25日 23:26,评论 5,1,
巴萨中国球迷协会,💥先锋报：加泰罗尼亚地区出现首例新冠肺炎确诊病例！该报表示患者居住在巴塞罗那，近日去了意大利北部旅游！这也是西班牙确诊的第4例，前3例均发生在西班牙海岛上。 ​,02月25日 23:19,评论 12,30,
爱奇艺体育,【国家报：巴塞罗那地区确诊第一例新冠肺炎】据西班牙国家报报道，加泰罗尼亚政府通报该地区已出现第一例新冠肺炎患者，系巴塞罗那居民，近日曾去意大利北部旅游。这名女性患者也是西班牙境内确诊的第四例新冠肺炎患者。此外，在西班牙特内里费有近千人被隔离在酒店，因一位意大利游客检测结果为阳性。近日意大利北部疫情扩散，意甲也因此受到影响，多场比赛空场举行。 收起全文d,02月25日 23:19,评论 14,26,
嗝嗝嗝嗝嗝嗝子,一会没看手机朋友圈就炸锅了，巴塞罗那确诊一例，从意大利北部旅游回来的。真的心累，我的家乡湖北刚刚好转，第二家乡巴塞就确诊了，不知道会发展成什么样子，只能祈祷老外别不在意不戴口罩了，给你作业你就好好抄啊 ​,02月25日 23:17,评论 4,1,
京城四通八达,#领你看世界##旅行# 无人机拍摄巴塞罗那城市著名旅游景点，你最喜欢这个城市的哪里？ L大哥带你游姑苏的微博视频 ​,02月25日 19:20,评论 ,3,
Es胖妞-西班牙移民房产法律咨询,#上海房地产##房地产##上海房价# 西班牙【稀有商业项目】危机就是转机！逢低买进！  加微信：urkalia_group投资房地产的最佳时机!受到疫情的影响，西班牙的旅游业及饮食业受到打击房价也受到影响。因此，现在是投资西班牙各类型房地产的最佳时机。很多客户朋友经常询问在西班牙是否有好的渠道投资？举例，投资股票，基金，黄金，期货... ...等，但其实要进行这类型的投资，不如直接去赌场赌几把！因为股票，基金，黄金... ...等类型的投资，表面看似受到市场经济的影响，实际上却是受到人为控制的，只是多数人自我催眠，觉得眼光独到，判断准确，就可以在金融市场赚到钱，但实际下场，就如同进赌场博弈，小赢大输是常见。其实，投资没有诀窍，除了一些新兴产业，或是高科技产业有较高的投资门槛，需要资金实力及具备一些独到的眼光与勇气才能进场投资，综观从古至今，有哪些产业历久不衰？！历久不衰的产业就值得投资者入场。而投资各类型房产，只要紧贴着历久不衰的产业，就可以确保所投资的房产保值且有机会获得理想的投资回报率。URKALIA GROUP专注于西班牙及申根地区的特殊商业房地产项目，屡屡为投资者取得丰厚的投资回报率，今天在此为投资人推出一个西班牙巴塞罗那稀有释出的商业房地产房源，投资机会难得，有意者可尽快向URKALIA GROUP资深顾问咨询。 收起全文d,02月25日 19:16,评论 , ,
滨屿移民,巴塞罗那卡莱纳海边公寓面积：96平方米  户型：3室1卫 类型：稀缺带旅游证公寓（可短租）东南朝向  配套：露台、车位、泳池#欧洲旅行##房产##今日看盘##带着微博去旅行##口罩##装修# ​,02月25日 19:09,评论 ,1,
Es胖妞-西班牙移民房产法律咨询,#上海房地产##房地产##上海房价# 西班牙【稀有商业项目】危机就是转机！逢低买进！  加微信：urkalia_group投资房地产的最佳时机!受到疫情的影响，西班牙的旅游业及饮食业受到打击房价也受到影响。因此，现在是投资西班牙各类型房地产的最佳时机。很多客户朋友经常询问在西班牙是否有好的渠道投资？举例，投资股票，基金，黄金，期货... ...等，但其实要进行这类型的投资，不如直接去赌场赌几把！因为股票，基金，黄金... ...等类型的投资，表面看似受到市场经济的影响，实际上却是受到人为控制的，只是多数人自我催眠，觉得眼光独到，判断准确，就可以在金融市场赚到钱，但实际下场，就如同进赌场博弈，小赢大输是常见。其实，投资没有诀窍，除了一些新兴产业，或是高科技产业有较高的投资门槛，需要资金实力及具备一些独到的眼光与勇气才能进场投资，综观从古至今，有哪些产业历久不衰？！历久不衰的产业就值得投资者入场。而投资各类型房产，只要紧贴着历久不衰的产业，就可以确保所投资的房产保值且有机会获得理想的投资回报率。URKALIA GROUP专注于西班牙及申根地区的特殊商业房地产项目，屡屡为投资者取得丰厚的投资回报率，今天在此为投资人推出一个西班牙巴塞罗那稀有释出的商业房地产房源，投资机会难得，有意者可尽快向URKALIA GROUP资深顾问咨询。 收起全文d,02月25日 18:52,评论 , ,
Es胖妞-西班牙移民房产法律咨询,#上海房地产##房地产##上海房价# 西班牙【稀有商业项目】危机就是转机！逢低买进！  加微信：urkalia_group投资房地产的最佳时机!受到疫情的影响，西班牙的旅游业及饮食业受到打击房价也受到影响。因此，现在是投资西班牙各类型房地产的最佳时机。很多客户朋友经常询问在西班牙是否有好的渠道投资？举例，投资股票，基金，黄金，期货... ...等，但其实要进行这类型的投资，不如直接去赌场赌几把！因为股票，基金，黄金... ...等类型的投资，表面看似受到市场经济的影响，实际上却是受到人为控制的，只是多数人自我催眠，觉得眼光独到，判断准确，就可以在金融市场赚到钱，但实际下场，就如同进赌场博弈，小赢大输是常见。其实，投资没有诀窍，除了一些新兴产业，或是高科技产业有较高的投资门槛，需要资金实力及具备一些独到的眼光与勇气才能进场投资，综观从古至今，有哪些产业历久不衰？！历久不衰的产业就值得投资者入场。而投资各类型房产，只要紧贴着历久不衰的产业，就可以确保所投资的房产保值且有机会获得理想的投资回报率。URKALIA GROUP专注于西班牙及申根地区的特殊商业房地产项目，屡屡为投资者取得丰厚的投资回报率，今天在此为投资人推出一个西班牙巴塞罗那稀有释出的商业房地产房源，投资机会难得，有意者可尽快向URKALIA GROUP资深顾问咨询。 收起全文d,02月25日 18:51,评论 , ,
Es胖妞-西班牙移民房产法律咨询,#上海房地产##房地产##上海房价# 西班牙【稀有商业项目】危机就是转机！逢低买进！  加微信：urkalia_group投资房地产的最佳时机!受到疫情的影响，西班牙的旅游业及饮食业受到打击房价也受到影响。因此，现在是投资西班牙各类型房地产的最佳时机。很多客户朋友经常询问在西班牙是否有好的渠道投资？举例，投资股票，基金，黄金，期货... ...等，但其实要进行这类型的投资，不如直接去赌场赌几把！因为股票，基金，黄金... ...等类型的投资，表面看似受到市场经济的影响，实际上却是受到人为控制的，只是多数人自我催眠，觉得眼光独到，判断准确，就可以在金融市场赚到钱，但实际下场，就如同进赌场博弈，小赢大输是常见。其实，投资没有诀窍，除了一些新兴产业，或是高科技产业有较高的投资门槛，需要资金实力及具备一些独到的眼光与勇气才能进场投资，综观从古至今，有哪些产业历久不衰？！历久不衰的产业就值得投资者入场。而投资各类型房产，只要紧贴着历久不衰的产业，就可以确保所投资的房产保值且有机会获得理想的投资回报率。URKALIA GROUP专注于西班牙及申根地区的特殊商业房地产项目，屡屡为投资者取得丰厚的投资回报率，今天在此为投资人推出一个西班牙巴塞罗那稀有释出的商业房地产房源，投资机会难得，有意者可尽快向URKALIA GROUP资深顾问咨询。 收起全文d,02月25日 18:45,评论 , ,
Es胖妞-西班牙移民房产法律咨询,#上海房地产##房地产##上海房价# 西班牙【稀有商业项目】危机就是转机！逢低买进！  加微信：urkalia_group投资房地产的最佳时机!受到疫情的影响，西班牙的旅游业及饮食业受到打击房价也受到影响。因此，现在是投资西班牙各类型房地产的最佳时机。很多客户朋友经常询问在西班牙是否有好的渠道投资？举例，投资股票，基金，黄金，期货... ...等，但其实要进行这类型的投资，不如直接去赌场赌几把！因为股票，基金，黄金... ...等类型的投资，表面看似受到市场经济的影响，实际上却是受到人为控制的，只是多数人自我催眠，觉得眼光独到，判断准确，就可以在金融市场赚到钱，但实际下场，就如同进赌场博弈，小赢大输是常见。其实，投资没有诀窍，除了一些新兴产业，或是高科技产业有较高的投资门槛，需要资金实力及具备一些独到的眼光与勇气才能进场投资，综观从古至今，有哪些产业历久不衰？！历久不衰的产业就值得投资者入场。而投资各类型房产，只要紧贴着历久不衰的产业，就可以确保所投资的房产保值且有机会获得理想的投资回报率。URKALIA GROUP专注于西班牙及申根地区的特殊商业房地产项目，屡屡为投资者取得丰厚的投资回报率，今天在此为投资人推出一个西班牙巴塞罗那稀有释出的商业房地产房源，投资机会难得，有意者可尽快向URKALIA GROUP资深顾问咨询。 收起全文d,02月25日 18:43,评论 , ,
Es胖妞-西班牙移民房产法律咨询,#上海房地产##房地产##上海房价# 西班牙【稀有商业项目】危机就是转机！逢低买进！  加微信：urkalia_group投资房地产的最佳时机!受到疫情的影响，西班牙的旅游业及饮食业受到打击房价也受到影响。因此，现在是投资西班牙各类型房地产的最佳时机。很多客户朋友经常询问在西班牙是否有好的渠道投资？举例，投资股票，基金，黄金，期货... ...等，但其实要进行这类型的投资，不如直接去赌场赌几把！因为股票，基金，黄金... ...等类型的投资，表面看似受到市场经济的影响，实际上却是受到人为控制的，只是多数人自我催眠，觉得眼光独到，判断准确，就可以在金融市场赚到钱，但实际下场，就如同进赌场博弈，小赢大输是常见。其实，投资没有诀窍，除了一些新兴产业，或是高科技产业有较高的投资门槛，需要资金实力及具备一些独到的眼光与勇气才能进场投资，综观从古至今，有哪些产业历久不衰？！历久不衰的产业就值得投资者入场。而投资各类型房产，只要紧贴着历久不衰的产业，就可以确保所投资的房产保值且有机会获得理想的投资回报率。URKALIA GROUP专注于西班牙及申根地区的特殊商业房地产项目，屡屡为投资者取得丰厚的投资回报率，今天在此为投资人推出一个西班牙巴塞罗那稀有释出的商业房地产房源，投资机会难得，有意者可尽快向URKALIA GROUP资深顾问咨询。 收起全文d,02月25日 18:11,评论 , ,
Es胖妞-西班牙移民房产法律咨询,#房地产#西班牙【稀有商业项目】危机就是转机！逢低买进！  加微信：urkalia_group投资房地产的最佳时机!受到疫情的影响，西班牙的旅游业及饮食业受到打击房价也受到影响。因此，现在是投资西班牙各类型房地产的最佳时机。很多客户朋友经常询问在西班牙是否有好的渠道投资？举例，投资股票，基金，黄金，期货... ...等，但其实要进行这类型的投资，不如直接去赌场赌几把！因为股票，基金，黄金... ...等类型的投资，表面看似受到市场经济的影响，实际上却是受到人为控制的，只是多数人自我催眠，觉得眼光独到，判断准确，就可以在金融市场赚到钱，但实际下场，就如同进赌场博弈，小赢大输是常见。其实，投资没有诀窍，除了一些新兴产业，或是高科技产业有较高的投资门槛，需要资金实力及具备一些独到的眼光与勇气才能进场投资，综观从古至今，有哪些产业历久不衰？！历久不衰的产业就值得投资者入场。而投资各类型房产，只要紧贴着历久不衰的产业，就可以确保所投资的房产保值且有机会获得理想的投资回报率。URKALIA GROUP专注于西班牙及申根地区的特殊商业房地产项目，屡屡为投资者取得丰厚的投资回报率，今天在此为投资人推出一个西班牙巴塞罗那稀有释出的商业房地产房源，投资机会难得，有意者可尽快向URKALIA GROUP资深顾问咨询。 收起全文d,02月25日 18:08,评论 , ,
赞-清,#西班牙旅行# 巴塞罗那的传奇建筑师，不止高迪一人。“鲜花建筑师”蒙塔内尔同样才华惊人，他设计的加泰罗尼亚音乐宫，拥有奇迹般的水滴形状玻璃穹顶，彩绘玻璃与马赛克瓷砖装饰，让这里美得犹如皇宫。音乐厅还有超过2000朵玫瑰，去巴塞罗那旅行时，留心去找找看吧！#旅游博主宅家攻略#  ...展开全文c ​,02月25日 16:26,评论 , ,
BCNOCI影像社巴塞罗那,📷巴塞罗那的童话世界——奎尔公园巴塞罗那奎尔公园(GuellinPark，又名桂尔公园、古埃尔公园）是天才安东尼·高迪最伟大的代表作之一，也是巴塞罗那最受欢迎的公园。身处此地，仿佛置身童话世界。近年来，越来越多的游客选择在此街拍或拍摄婚纱照。在这样一个充满童趣的地方，镶嵌着彩色马赛克的墙壁、小路、长椅、像极了童话里的姜饼小屋！公园里无论是石阶、石柱还是弯曲的石椅上都充满了各式的马赛克元素，全由瓷砖拼贴而成，色彩灿斓，仿若置身梦境之中🥳#巴塞罗那##欧洲旅拍##街拍##奎尔公园##巴塞罗那旅游##西班牙##高迪建筑# 收起全文d,02月25日 14:46,评论 2,3,
财经无忌,【#财经无忌新闻早报#】1.#0增长地区再观察28天才能放心#：天津疾控中心副主任张颖称，新冠肺炎最长潜伏期是14天。如果一个地区出现了零增长，要观察两个14天也就是28天。28天以后，若真的再没有（新增）病例，这时就可以百分之百地放心了。2.新冠肺炎疫情在多国发酵，欧美股市集体大跌：#日本新冠肺炎病例累计确诊850例#，泰国将新冠肺炎列为危险传染病，意大利成欧洲疫情最严重的国家，美国新冠肺炎确诊病例增至53例......随着疫情蔓延，高盛下调了美国经济增长的预期，将美国第一季度GDP增长下调至1.2%。3.#日韩疫情蔓延半导体产业或陷动荡#，科技股会否遭遇国产替代“天花板”？新冠肺炎疫情扩散，市场对全球半导体产业链产生担忧，尤其在全球电子大厂SK海力士、三星电子出现密集接触者和确诊病例后。上述主要企业均分布在日韩，承载了大量电子上游核心元器件及材料的生产，一旦受到影响，整个电子产业的供给会造成很大紧缺，进而出现涨价。4.#华为第二代折叠屏手机#：卖1.9万元，屏幕原材料比金子贵3倍。2月24日，巴塞罗那。华为发布第二代折叠屏手机Mate Xs，采用双层聚纤亚胺薄膜，屏幕强度提升80%，原材料比金子贵3倍，展开全屏8英寸。售价2499欧元（约1.9万元人民币），3月全球发售。5.#青岛对四类入境人员实行集中隔离或留观#：来自青岛市新冠肺炎疫情防控指挥部办公室消息，自青岛启动新冠肺炎疫情一级响应以来，一直对境外来青人员严格防控。据统计，1月24日至2月23日，青岛机场共入境20516人次。对入境人员中的“四类情形”，一律实行集中隔离或留观：一是有疫区旅行史或居住史并有发热或呼吸道症状的；二是与新型冠状病毒感染者有接触史的；三是所乘坐交通工具中出现发热病例的；四是在现场检疫查验中检测有发热或呼吸道症状的。随着境外疫情形势变化，青岛市自2月24日开始，对所有入境人员，除需要隔离或留观的外，均由居住地所在区市派车接回，对在境内有居所的，居家隔离观察14天；对商务旅游等短期居住的，安排在指定宾馆住居、活动。 收起全文d,02月25日 09:33,评论 4,4,
weather爱好者,【睡前科普——地中海气候】地中海气候是由西风带和副热带高压带及信风带交替控制。冬季时，西风带南移至此气候区内，西风从海洋上带来潮湿的气流，加上锋面气旋活动频繁，因此气候温和多雨。而夏季时，副热带高压或信风向北移至此气候区内，气流以下沉为主，再加上沿海凉流的作用，不易形成降水，因此气候干燥炎热。地中海气候的成因主要是冬季受西风带控制，锋面气旋活动频繁；夏季受副热带高压带控制，气流下沉。在世界十多种气候类型中，全年受气压带、风带交替控制的气候类型中，除地中海气候外，还有热带草原气候（赤道低压带与信风带交替控制）和热带沙漠气候（信风带与副热带高压带交替控制）。全年受西风带控制的气候是温带海洋性气候。地中海气候主要分布在亚热带大陆西岸，如地中海沿岸，南北美洲纬度30度-40度的大陆西岸，澳大利亚大陆和非洲西南角等地，以地中海沿岸分布面积最广、最典型。以北半球为例，夏季副热带高压带北移，为高压控制，这里受热带大陆气团影响，天气晴朗干燥炎热少雨；冬季副热带高压带南移，受西风带影响，温暖多雨，自然植被是常绿硬叶阔叶林和常绿灌木林。具体分布——地中海沿岸，包括欧洲南部，非洲北部沿海和西亚少数地区。北美加利福尼亚沿岸。非洲南部的西岸，即南非西部和纳米比亚南部（称开普区或好望角区）。南美智利中部。澳大利亚西南和东南沿海。该区分布还具有广泛性，是唯一的除南极洲以外，世界各大洲都有的气候类型。代表城市——罗马（意大利）、威尼斯（意大利）、米兰（意大利）、都灵（意大利）、佛罗伦萨（意大利）、那不勒斯（意大利）、巴勒莫（意大利）、马赛（法国）、尼斯（法国）、摩纳哥（摩纳哥）、马德里（西班牙）、巴塞罗那（西班牙）、雅典（希腊）、伊斯坦布尔（土耳其）、大马士革（叙利亚）、耶路撒冷（以色列和巴勒斯坦共有首都，现存争议）、安曼（约旦）、开普敦（南非）、旧金山（美国）、洛杉矶（美国）、墨尔本（澳大利亚）、伯斯（澳大利亚）、的黎波里（利比亚）、阿尔及尔（阿尔及利亚）、达尔贝达（摩洛哥）、圣地亚哥（智利）等。地中海气候的特点是：冬季受西风带控制，锋面气旋频繁活动，气候温和，最冷月气温在4-10℃之间，降水量丰沛。夏季在副热带高压控制下，气流下沉，气候炎热干燥少雨，云量稀少，阳光充足。全年降水量300-1000毫米，冬季半年约占60%-70%，夏季半年只有30%-40%，冬季降水量多于夏季。 夏季温度在沿海和内陆有较大区别，沿海受冷洋流影响，温度较低，最热月在22℃以下，空气比较潮湿，多雾，称为凉夏型。在内陆距海较远，海洋调节较小，空气干燥，暖热，最热月温度在22℃以上，称为暖夏型。地中海式气候的特点概括起来说就是高温时期少雨，低温时期多雨；这种不协调的配合，对植物十分不利。在生长季节，植物必须经过炎热干燥的锻炼，为了减少蒸发，自然植被多半是生长得短小的乔木和灌木等常绿硬叶林。影响——①农业:地中海气候在世界各种气候类型中，可谓独树一帜。受此特征的影响，该区农业形成了以耐旱的农作物、木本经济作物与饲养牲畜相结合的特征。农作物中主要是小麦和大麦，其次是燕麦和玉米。葡萄、木本作物油橄榄，及无花果是该地区广为种植的经济作物。②经济:地中海气候下生产的葡萄、油橄榄是食品工业的重要原料，例如阿尔及利亚的橄榄油食品，法国的葡萄酒、白兰地等；由于地中海气候区的主导风向是盛行西风，所以意大利布局在西西里岛上石油化工厂应布置在该岛的东侧，即盛行风的下风向。③旅游:气候资源是旅游资源的重要组成部分。地中海气候区有适宜的温度（年平均气温为十五度），充足的光照，特别是地中海地区阳光灿烂的海滩，松树覆盖的群山，再加上没有时间要领的村庄和现代化大都市， 悠久的历史文化遗产，使得这里的旅游业收入相当可观。例如:法国、意大利、西班牙、塞浦路斯、希腊，埃及等，他们都是世界著名旅游胜地。 收起全文d,02月24日 22:23,评论 6,20,
今天被我的深圈粉了吗,有点想念巴塞罗那找工作吧攒钱吧旅游吧 ​,02月24日 22:19,评论 ,3,
人不识货钱也识货,我提出了问题 “去巴塞罗那旅游可以如何制定路线呢？” O去巴塞罗那旅游可以如何制定路线呢？ ​,02月24日 21:51,评论 , ,
QLFCAT巴塞罗那移民置业,加泰罗尼亚地区是西班牙的艺术中心，经济中心及政治中心，同时也是连接欧洲文化的桥梁，所以加泰罗尼亚地区是西班牙经济最发达的地区之一，而其中加泰罗尼亚的首府巴塞罗那则是该地区最耀眼的明珠！2018年11月，世界城市排名发布，巴塞罗那进入世界一线城市行列。 2019年9月，2019世界旅游城市发展排行榜第十名。可见，巴塞罗那具有巨大的商业机会，因此也吸引了越来越多的人来到这个城市买房，投资，工作和生活。目前西班牙法律允许每个家庭在西班牙投资50万欧元的房产，就能获得合法居留的权利。我们QLF.CAT巴塞罗那移民置业不仅仅为您精心挑选优质且符合要求的房源，同时陪同及帮助您购买，处理合法居留，语言培训，并且帮助您更好地融入当地生活和文化，为您提供合法，安全和保障的贴心服务！如果您也想来到这个美丽的城市生活，欢迎找我们哦！我们将为您分享各种巴塞罗那购房信息和解决您的问题哦！！！#西班牙移民# #巴塞罗那# 西班牙 #加泰罗尼亚# 收起全文d,02月24日 20:30,评论 , ,
王雨毛的日常生活,#西班牙旅行# 巴塞罗那的传奇建筑师，不止高迪一人。“鲜花建筑师”蒙塔内尔同样才华惊人，他设计的加泰罗尼亚音乐宫，拥有奇迹般的水滴形状玻璃穹顶，彩绘玻璃与马赛克瓷砖装饰，让这里美得犹如皇宫。音乐厅还有超过2000朵玫瑰，去巴塞罗那旅行时，留心去找找看吧！#旅游博主宅家攻略#  ...展开全文c ​,02月24日 20:29,评论 , ,
闺蜜环游,#在家云旅行#西班牙巴塞罗那🇪🇸｜蒙锥克城堡 2月2，龙抬头 @微博旅游 @绿洲旅行  O绿洲 L闺蜜环游的微博视频 ​,02月24日 18:56,评论 , ,
首席移民服务官,享誉世界的地中海旅游目的地，世界历史文化名城，西班牙最重要的贸易、金融中心，伊比利亚半岛明珠—巴塞罗那！一座来之前无法想象，走在这里无法置信，离开后又难以忘怀的城市！[强][强][强] 2深圳 LBryceLee315的微博视频 ​,02月24日 15:54,评论 ,3,深圳
中戏坤莫饮,巴塞罗那VLOG5/加泰罗尼亚音乐宫、国家博物馆/奎尔公园/诺坎普球场/圣家堂#我的vlog生活# VLOG #vlog# #旅游#  L坤坤打败世界的微博视频 ​,02月24日 14:47,评论 ,3,
Jewel-Joy,#跟着赛事去旅游# 3月西甲欧冠双赛团，苏牙受伤换帅风波，巴萨艰难时刻更需要球迷的支持！诺坎普球场朝圣，观看欧冠16强赛，对阵那不勒斯；训练基地探班，畅游巴塞罗那，这样的旅程丰富又精彩。02OhgnO24。冠球票服务包3400元起；联赛球票服务包900元起，团队游10800元起！其他巴萨观赛团同时接受报名，名额有限 ...全文 收起全文d,02月24日 07:25,评论 ,2,
SosikiZ,阳光正好 微风不燥仿佛七八九月的天气适合发一波激情他拍ᖗ( ᐛ )ᖘ——————————————取景地分别是【圣十字圣保罗医院】【去波盖利亚市场的路上】【米拉之家屋顶】【圣家堂前的公园】可供打算来巴塞罗那旅行的朋友打卡参考#plog博主日记# ✨OOTD ✨#遇见美好# ✨#西班牙# ✨#西班牙旅行# ✨#巴塞罗那# ✨#巴塞罗那旅游攻略# 2西班牙·巴塞罗那 收起全文d,02月24日 07:03,评论 4,11,西班牙·巴塞罗那
给力龙哥,#家是最好的旅游地#云旅行✈️巴塞罗那 圣家族大教堂，是巴塞罗那的地标建筑，是一座罗马天主教大型教堂，高迪设计的代表作之一。02LIhRX24。堂顶上的施工高架一直搭着，很显然这又是一个未完工的教堂，不过它可是世界上唯一一个未完工就被列为世界遗产的建筑哦，很厉害！据说2026年才会完工，到时候会成为世界 ...全文 收起全文d,02月24日 04:14,评论 ,1,
旅游分享攻略君,巴塞罗那的夕阳。🌄  #全球旅游攻略##网红打卡胜地# ​,02月24日 00:56,评论 41,9,
世界美景看点,如果你实在憋不住想出门，窝主教你一个办法，把自己的左手放在右手。因为——牵牵手就像旅游#美国旅行##巴塞罗那旅行# ​,02月23日 22:20,评论 , ,
衡山6,[精选] 西班牙“最精彩”的街道，名叫“流浪者大街”，人是一...。查看👉👉👉O网页链接巴塞罗那，是西班牙举世闻名的热门旅游城市，不仅吸引大批欧洲本土游客，也是全球游客非常向往的旅游胜地。巴塞罗那处在伊比利亚半岛东北部，是一座濒临地中海的滨海古城，这里气候温和、风光迷人、城市繁荣、历史悠O网页链接 收起全文d,02月23日 21:38,评论 , ,
票天地,"巴塞罗那兰布拉大街去巴塞罗那不去著名的兰布拉大街散步就不完整啦。这其实是5条街并在一起的，这里有小商铺，街头艺术家，各样的商铺和餐馆，酒吧，把这条街挤得满满的。这条街有很多活动，让游客很兴奋。这条路走到一半的时候，你会看到 La Boqueria 市场，这里可以体验当地市场，新鲜水果，果汁，小吃，蔬菜等等。地铁: Catalunya, Liceu or Drassanes (L3)巴塞罗那 巴塞罗那旅行 西班牙 西班牙旅行 2西班牙 #巴塞罗那圣家堂##西班牙# #西班牙旅行# #再见西班牙# #巴塞罗那# #巴塞罗那旅行# #午夜巴塞罗那##欧洲# #欧洲旅行# #欧洲旅行攻略# #西班牙旅行笔记# #西班牙人# #欧洲旅行攻略# #跟着欧洲杯去旅行# #票天地# #旅行# #带着微博去旅行#  #带着微博去巴塞罗那#  #最炫打卡地# #慢游全世界# #旅行新势力# #遇见美好时光# #不止旅行# #全球旅行攻略# #值得去# L票天地的微博视频 收起全文d",02月23日 21:38,评论 4,9,西班牙
元气绵,#Vlog#在西葡的十四天🌴🌊✨ 一辆小车，两个背包。途径马德里｜托莱多｜格拉纳达｜马拉加｜塞维利亚｜法鲁｜里斯本｜波尔图｜又回到巴塞罗那。伴着每晚九点才下山的太阳，我们去看大海，去看教堂，去看花园、集市与球场。于是这段日子就像一条漂亮的裙子，用言语表达不出的浪漫缝制，好好被我珍藏。 L元气绵的微博视频 收起全文d,02月23日 21:30,评论 43,66,
有方居士2017,[热门]西班牙“最精彩”的街道，名叫“流浪者大街”，人是一...。查看👉👉👉O网页链接巴塞罗那，是西班牙举世闻名的热门旅游城市，不仅吸引大批欧洲本土游客，也是全球游客非常向往的旅游胜地。巴塞罗那处在伊比利亚半岛东北部，是一座濒临地中海的滨海古城，这里气候温和、风光迷人、城市繁荣、历史悠O网页链接 收起全文d,02月23日 20:47,评论 ,2,
蒸锅小牛,停办MWC，受伤的何止是巴塞罗那。作为一个以人员流动与集结为主要特征的会展业，与旅游和餐饮业一样，首当其冲地成为新型冠状病毒疫情影响的重灾区，成为受新型冠状病毒疫情影响最大的行业。 O网页链接 ​,02月23日 18:56,评论 ,1,
明船长澳新直邮正品,巴塞罗那港口俯览20年前了，我所指挥的船舶曾经租给西班牙人多年，我分两次工作了共24个月，西班牙到西非的航线，多次靠泊巴塞罗那港口，极为熟悉。2018年以旅游者的身份再次到巴塞罗那，去港口边上的古堡一游，心情截然不同。还好用手机拍过一个视频。给大家分享一下。www.captainmingnz.com也欢迎大家到我的新西兰跨境电商平台浏览  L明船长澳新直邮正品的微博视频 收起全文d,02月23日 17:52,评论 1, ,
巴塞罗那地接导游,来到西班牙必须经历的旅游体验:瞻仰高迪的伟大建筑安东尼·高迪是西班牙建筑史上最前卫、最疯狂的建筑家，信奉着“直线属于人类，曲线属于上帝”的理念，穷尽一生，为世人留下了无数的建筑奇迹。在巴塞罗那及其周边地区汇聚了众多高迪的作品，其中七座被联合国教科文组织列入世界遗产名录，堪称高迪奉献给人类的七大奇迹，也只有在这里你才能体会到大自然的鬼斧神工与设计师的巧匠心思如何合二为一！图一 米拉之家（Casa Milà）：这是高迪设计的最后一座私人住宅，以屋顶造型闻名，上面有超多像外星人的建筑，没有人能说清它具体是什么。图二 巴特罗之家（Casa Batlló）：它的每一处构造皆有出处，带上3D眼镜，分分钟把你带去高迪的魔法，像蘑菇？像海葵？像海底世界？图三圣家堂（Basílica de la Sagrada Familia）：经历了100多年的建造仍未完工，它是高迪的遗作，教堂外部将《圣经》中重要的宗教场景逐一呈现。图四 文森之家（Casa Vicens）：它是高迪设计的最早的一处私人住宅，来到这里可以体会到高迪最初的设计理念，诸多的直线、直角、几何图案相互交融，极具特色。图五图六 桂尔宫（Palau Güell）:它虽然在高迪的建筑中名气不大，但是它有着米拉之家和巴特罗之家不具备的特色，那就是奢华，用尽一切优质的材料和最先进的工艺，全部倾注于这座豪宅的装修之中，而这座豪宅的主人正是高迪的老板奎尔伯爵。图七图八 桂尔公园（Park Güel）：之前是房地产开发商建的房子，后来因为房子卖不出去，赠给高迪独享了，他人生的最后十多年一直住在奎尔公园，在公园中值得一看的是高迪设计的蜥蜴，在巴塞罗那人眼里它是一条龙，源于守护神圣乔治屠龙救公主的传说。 收起全文d,02月23日 16:15,评论 ,1,
你的专属东京千代田,#东京站画廊#在2020年2月8日～2020年4月5日期间举办#奇迹的艺术都市巴塞罗那#特别展览。国际都市巴塞罗那凭借着地理位置以及人文风格，形成了特点鲜明的艺术文化氛围，特别是在1850年的都市近代化后的约80年间里，出现了诸如安东尼·高迪，巴勃罗·毕加索等著名艺术家。本次展览将展出包括绘画，雕刻，家具等约130件展览品，感受世纪末的巴塞罗那的魅力吧！详情O网页链接关注我们，可以获取最新最好玩的千代田旅游情报哦~！#日本# #旅游# #日本旅游# #东京# #东京旅游# #千代田区# #东京站# #巴塞罗那# #艺术# #毕加索# #深度游# #东京印象# 收起全文d,02月23日 15:25,评论 , ,
湖州风儿,你好，我来回答你的这个问题。#旅游# 自驾的话，可以去西藏，天高地阔，人少空气好。步行的话，高铁出行，去古镇比较好。有一点浪漫有一点悠闲。惬意。远一点，去国外。欧洲我喜欢意大利佛罗伦萨和西班牙巴塞罗那，浪漫满屋。#带着微博去旅行# O和暧昧对象去哪里旅游比较好呢？ （图片拍摄于阿布扎比）近一点，可以去日本，樱花开放，满目琳琅。 收起全文d,02月23日 15:05,评论 ,4,
海岸邮轮网,巴塞罗那是加泰罗尼亚的港口城市，是享誉世界的地中海风光旅游目的地和世界著名的历史文化名城，也是西班牙最重要的贸易、工业和金融基地。巴塞罗那港是地中海沿岸最大的港口和最大的集装箱集散码头，也是西班牙最大的综合性港口。巴塞罗那气候宜人、风光旖旎、古迹遍布，素有“伊比利亚半岛的明珠”之称，是西班牙最著名的旅游胜地。巴塞罗那市内罗马城墙遗址、中世纪的古老宫殿和房屋与现代化建筑交相辉映。不少街道仍保留着石块铺砌的古老路面。建于14世纪的哥特式天主教大教堂位于老城中央，连接和平门广场和市中心加泰罗尼亚广场的兰布拉斯大街是著名的“花市大街”，西班牙广场上的光明泉巧夺天工，建筑怪才高迪设计的建筑在城市里留下了深深的印记，让人流连忘返。 L海岸邮轮网的微博视频 收起全文d,02月23日 15:00,评论 1, ,
与旅有约,#旅游# 我眼中的巴塞罗那不仅仅有热情顶尖的足球⚽️还有历史悠久的建筑以及乌泱泱的海鸟❤️ ​​​​,02月23日 14:20,评论 249,327,
穿行世界的cici澄,#值得打卡的电影场景# 带你走进#权力的游戏# 拍摄的小镇——📍西班牙🇪🇸·赫罗纳（Girona）赫罗纳位于西班牙东北海岸加泰卢尼亚自治大区，距离巴塞罗那约100公里，距离法国南部仅有咫尺之遥，是一座拥有上千年历史的西班牙古镇。这里也是HBO第一神剧《权力的游戏：第6季》的重要取景地，权游中的都城君临（King’s landing）就是以这里为主要背景拍摄的。拍摄时间为2015年8月24至9月16日，一个只有10万人口的城镇，就有5000名当地的居民做了这一季权游的群演。另外，韩剧《蓝色大海的秘密》，法国电影《香水》也都曾在这里的古城里取景。赫罗纳拥有大片保存完好的中世纪街区，历史氛围浓厚，漫步小镇的街角巷尾，都有一种穿越的感觉。#西班牙旅行#2西班牙·赫罗纳 @微博旅游 @新浪旅游 @加泰罗尼亚旅游官网 收起全文d,02月23日 12:44,评论 260,615,西班牙·赫罗纳
RachelCtheworld,西班牙🇪🇸全球最美医院平民的最佳疗养地#圣十字圣保罗医院（Hospitalde la Santa Cruz y San Pablo）兴建于1901年到1930年，蒙塔内尔作为一名有着强烈社会责任感的建筑师坚信，舒适的病房、绿意盎然的新鲜空气、富有艺术氛围的环境有利于病人恢复健康。#圣十字圣保罗医院##西班牙##欧洲旅行##巴塞罗那##带着微博去旅行##全球旅行攻略##旅游推荐# 2西班牙·巴塞罗那 收起全文d,02月23日 12:03,评论 ,2,西班牙·巴塞罗那
KateWood,#katewood# ☀️❤️😎春夏 旅游度假日常必备款 💁🏻‍♀️👓Barcelona 巴塞罗那 系列🤩*德国进口 CR39树脂镜片*UVA/UVB 400*橡木镜框推荐推荐😍 ​,02月23日 11:45,评论 ,1,
旅行阿木木,巴塞罗那大概是强迫症最喜欢的城市了#带着微博去旅行##遇见美好##旅游推荐##漫游全世界##随手拍##巴塞罗那##逼死强迫症##不止旅行##爱上这座城##值得去##旅行VLOG##最炫打卡地# ​,02月23日 09:48,评论 , ,
一言九顶一箱情愿,#家是最好的旅游地#云旅行✈️巴塞罗那 圣家族大教堂，是巴塞罗那的地标建筑，是一座罗马天主教大型教堂，高迪设计的代表作之一。02zWTpv23。堂顶上的施工高架一直搭着，很显然这又是一个未完工的教堂，不过它可是世界上唯一一个未完工就被列为世界遗产的建筑哦，很厉害！据说2026年才会完工，到时候会成为世界 ...全文 收起全文d,02月23日 02:34,评论 , ,
每日军视,英国女子卖自己的照片和视频赚钱，可独家定制，年收入高达232万。#热门论事# 据《镜报》2月21日消息，英国一位23岁的大学生卡亚·柯布里奇（Kaya Corbridge）放弃读书，开始通过网络售卖自己的照片谋生。卡亚在经营自己的社交账户之前，就读于利兹贝克特大学的国际关系专业，学生时期的她会在麦当劳打工，卡亚称大学里的她穷极了，有时候甚至吃不起饭。2019年8月，卡亚开始在网上出售自己的照片和视频，短短一个月收入超过30000英镑（约27万多元），尝到甜头的卡亚在同年9月退学专注经营自己的OnlyFans帐户。该账户提供订阅服务，为粉丝或订阅者提供“独家资料”。据悉，退出大学的第一年卡亚赚了255000英镑（约232万元），在全球OnlyFans收入中排名也非常靠前。卡亚表示她很喜欢现在的生活，她说自从开始OnlyFans以来，她已经去过20个国家旅游，在巴厘岛和巴塞罗那拥有自己的房子。卡亚每天需要发布动态，有时是照片，有时是视频，卡亚表示最累的是要回复粉丝们的私信，有时候一天有数百封，而看完这些通常需要几个小时。卡亚会陪唱歌也会陪粉丝聊天，也会拒绝粉丝的奇怪要求，比如剃光头发。粉丝们也会送卡亚各种各样的东西，卡亚说：“我的弟弟需要床垫，我只要将其添加到列表中就会有人买，如果我搬家了，我需要水壶，微波炉，蜡烛之类的东西，也会有粉丝送给我这些礼物。”事实上，卡亚在第一次发布自己的照片之时就已经告诉了家人朋友，庆幸的是，卡亚的家人朋友都很支持卡亚的工作，并为她感到高兴。卡亚在狗狗救护中心待过，也为需要的寄养中心捐款，她说自己上大学只是因为想做国际援助，想做慈善，而现在的她既可以赚钱又可以做慈善，卡亚感到很满意。 收起全文d,02月22日 17:25,评论 75,9,
世界电子贸易平台,【德国展会如期举行，中企不缺席】被称为“展览会之国”的德国每年要举办150多场国际性展会。最近，因为新冠肺炎疫情影响，包括西班牙巴塞罗那世界移动通信大会等展会纷纷取消或延期。不过，《环球时报》记者观察到，目前德国的国际性春季展会却依然如期举行。许多中国中小企业在保证安全的前提下，排除万难前来参加展会，赢得各方的赞誉。今年德国的春季展会都把卫生列为“重中之重”。各展会方与城市卫生部门成立了专门的卫生团队。来自中国的参展商一般要进行14天隔离或健康监测。如果出现发高烧等症状，都将被禁止进入展览中心。柏林国际果蔬展会等还规定，每个参展商和参观者都必须在展馆门口填写一份健康声明，进入展览中心时必须向安全人员出示该健康声明。《环球时报》记者在多个展会上看到，作为预防措施，展会各个大厅以及卫生间等场所都设有手部消毒站，门把手、扶手和开关等过半小时就消毒。各种标语牌建议展商之间不要握手，谈生意时尽量保持一定距离等。尽管各大展会笼罩在疫情的阴影中，但这并没有阻碍中国企业走向德国的步伐。2月7日至11日举行的法兰克福春季国际消费品展上，共有近600家中国展商参展，只比报名时少了40家，占了参展商总数的15%左右。来自浙江杭州的贸易商张先生对《环球时报》记者表示，他们在前期的参展费、食宿等方面已花了几十万元人民币。如果缺席展会，订单会被其他国家抢走。春节期间，由于杭州到欧洲的航线都取消了，他和两位员工转机香港再飞到了法兰克福。到法兰克福后，他们全程戴口罩，随身配备了消毒剂，还与展会方一直保持联系，并进行健康测试。由于法兰克福卫生部门把展会定为安全威胁较小，中国展商最后得以顺利参展。参展中，卫生团队每天也进行多次检查。记者看到，展览中心内戴口罩的人只有少数，展会上也几乎没有恐慌情绪。在张先生的展台前，不时有来自世界各地的商人前来商谈生意。来自德国汉堡的贸易商亚历克斯对记者说，来展会前，由于媒体铺天盖地的报道，让他有些担心。但后来了解了中国国内社区和机场的严格检测措施及展会方的各种宣传知识，加上要参加各种专业活动，心情也就放松了。他认为，中国展商能来德国参展，展示了中国企业的信心和决心，让他也很方便获得一些订单。在法兰克福春季国际消费品展中，还有4家来自武汉的企业参展。武汉纬文公司因为在展台上标出“武汉”，引起全场轰动。许多参观者前来留影，也并没有影响该公司获得欧洲人的订单。即使个别展商自己无法前来参展，他们也想发设法“遥控”与客户沟通。在十号展馆，记者了解到，一家武汉公司委托比利时的伙伴公司帮助管理展位，并通过视频等手段与客户谈生意，取得良好的效果。同样，在全球最大的新鲜水果产业贸易展览会柏林国际果蔬展会上，记者也看到了许多中国展商。来自河北的展商展出了燕山板栗等样品，吸引了许多外国客户。其他中国展商展出的大蒜、洋葱、大白菜等样品也深受客户的青睐。展会负责人对记者表示，大多数中国展商没有因疫情缺席展会，这对展会很重要。中国是全球蔬果的大市场。杜塞尔多夫举行的世界上最大零售投资需求交易会Euroshop展，也有310多家中国企业参展。展会运营经理维恩坎普对记者说，“中国的经济发展特别快，中国展商的到来让展会更加国际化。”他相信，中国疫情会很快结束。接下来几周，世界最大的旅游展会柏林ITB展、科隆五金展、汉诺威工业展等大型国际性展会将陆续在德国各地举行。其中，科隆五金展2800家参展商中，有1200家来自中国。记者从这些展会组织方了解到，目前这些展会都没有取消或延期的打算。大多数中国展商仍计划参展。“中国企业参展对国际展会至关重要。”德国科隆大学经济学者罗多夫对《环球时报》记者说，德国许多国际展会依赖中企。如果中国展商不参展，其他国家企业也可能不来，其中一些展会将不得不取消。中国企业参展给展会经济乃至整个国际经济带来乐观情绪。（环球时报）O德国展会如期举行，中企不缺席 收起全文d,02月22日 12:33,评论 ,3,
乂江小鱼儿_458,旅游~巴塞罗那,02月22日 08:00,评论 , ,
众信旅游,#旅业战疫在行动# #疫情下的旅游人#得知国内医护人员急需物资，众信旅游集团优耐德领队李建梅与13名客人自发组成了“巴塞罗那捐口罩接力群”，将西班牙导游采购的口罩、护目镜带回国。下飞机送走客人后，虽然两天没休息，她仍强撑着在机场花了两个小时整理物资、发出快递，第一时间送往湖北七所医院。点击链接查看更多信息🔗 O她组建“口罩接力群”两天不休息将救命物资驰援湖北7家医院 收起全文d,02月22日 09:12,评论 ,2,
众信小游,#旅业战疫在行动##疫情下的旅游人#得知国内医护人员急需物资，众信旅游集团优耐德领队李建梅与13名客人自发组成了“巴塞罗那捐口罩接力群”，将西班牙导游采购的口罩、护目镜带回国。下飞机送走客人后，虽然两天没休息，她仍强撑着在机场花了两个小时整理物资、发出快递，第一时间送往湖北七所医院。点击链接查看更多信息🔗 O她组建“口罩接力群”两天不休息将救命物资驰援湖北7家医院 收起全文d,02月22日 08:54,评论 ,1,
趣欧洲西葡行,趣欧洲西葡行私人定制游有限责任公司巴塞罗那导游地接足迹@西班牙葡萄牙旅游中文导游地接 👣：打卡“4CATS”咖啡馆，“画廊里的咖啡馆”，诞生于1897年。记得《午夜巴塞罗那》里“不靠谱艺术家”安东尼奥邀请两个美国女孩维姬和克里斯汀娜一起出游的咖啡馆吗，那就是巴塞罗那“4cats”咖啡馆，当年毕加索等西班牙现代主义艺术家常年聚会的地方。建筑师PUIGICADAFALCH将法国巴黎独有的咖啡馆风味带进巴塞罗那#遇见美好# ，餐厅内室大厅今日仍挂着毕加索当年个展时的复制品画作，与专门收藏大师早年创作的毕加索美术馆遥相呼应，毕加索在这个咖啡馆开过画展，内部的陈设与装潢让人仿佛回到巴塞罗那的黄金年代。20世纪初，这里聚集崇尚自由的波西米亚人和文人雅士，包括毕加索、达利、米罗、高第、罗卡等人，而如今餐厅最重要的资产，也是这些文人雅士当时在此喝咖啡时留下的草稿及涂鸦，坐这里有种穿越时空之感，各种酒瓶包装各异，精彩纷呈，西班牙多彩的瓷砖古典中透出新意。2西班牙·巴塞罗那 2西班牙 收起全文d,02月22日 07:33,评论 , ,西班牙·巴塞罗那西班牙
趣欧洲西葡行,#西班牙旅行# 《权力的游戏》重要之拍摄地赫罗纳，包括86级台阶的赫罗纳主教堂及弯来弯去的古城。站在残垣断壁上，可以将美丽的屋顶和迷宫般的街巷一览无余，赫罗纳的美丽在于它那由盘缠交错的小巷构成的错综复杂的布局，条条小巷被通往教堂的石阶路截断，小路上上下下，又都是鹅卵石，不甚轻松。#不止旅行# @西班牙葡萄牙旅游中文导游地接 除了主教堂，这座红色的铁桥据说在埃菲尔铁塔诞生之前就已建成，还有赫罗纳曾被英国卫报（The Guardian）选为最佳度假城市之一。#巴塞罗那旅行#2西班牙·赫罗纳 2西班牙·赫罗纳 收起全文d,02月22日 07:24,评论 , ,西班牙·赫罗纳西班牙·赫罗纳
西班牙艾恩,巴塞罗那大学CETT旅游学院录取💯 笔试+面试，今年开始有有DELE，SIELE或者大学语言中心证明了，一年比一年要求严格💪 2西班牙 ​,02月22日 04:09,评论 2, ,西班牙
威廉旅游专家,感谢泰国旅游局，巴塞罗那旅游局，北欧旅游局颁发旅游专家证书 2广州 L威廉旅游专家的微博视频 ​,02月22日 00:26,评论 ,1,广州
ScarlettH爱趴趴_最爱花开,#云游博物馆#天台音乐会@巴塞罗那|巴特罗之家 😀巴特罗之家，夏日夜场特殊门票~ 嗨森！~~ @绿洲旅行 @绿洲摄影 @微博旅游 @微博摄影  O绿洲 ​,02月21日 23:51,评论 ,3,
小雅在线Yakecci,See You Barcelona 2021 MWC2.13凌晨，世界移动大会的主办方GSMA正式宣布：GSMA决定取消举办MWC巴塞罗那2020，这是因为全球对于新型冠状病毒疫情的担忧，差旅的担忧和其他因素，使得GSMA无法举办此次大会。记得每年参加完巴展临别时，很多人都会发个朋友圈写上“See You Barcelona”。原计划在2020年2月24日至27日在西班牙巴塞罗那举行的MWC2020巴塞罗那。而今年，大家与巴展还未相见，便史无前例、充满遗憾的挥手告别。自2006年在巴塞罗那召开第一届世界移动大会以来，GSMA汇聚了全球产业、政府、部长、政策制定者、运营商和生态系统的行业领袖们。而作为全球最具影响力的移动通信领域的展会，MWC被誉为通信产业的风向标。有人甚至说MWC展会就像一届“小型奥运会”，对于举办城市当地的酒店、餐饮、旅游、经济发展都是极大的促进。在2019年MWC巴塞罗那期间，共计有来自198个国家、10.9万人入场参与，其中6%来自中国，16%来自亚太地区。最后大声的告白：See You Barcelona 2021 收起全文d,02月21日 19:42,评论 , ,
西班牙三和旅游公司,西班牙有两个世界上最受尊敬的足球场馆，一个是西班牙马德里的圣地亚哥伯纳乌体育场，另一个是在西班牙巴塞罗那诺坎普露天体育场。 诺坎普球场是位于西班牙加泰罗尼亚首府巴塞罗那市内的足球场，属于西甲球队巴塞罗那的主场，是世界上最为人熟悉的足球场之一，也是全欧洲最大、世界第三大的足球场，在1998年至99年赛季被欧洲足联选为五星级球场。 西班牙巴塞罗那诺坎普露天体育场， 这个地方催生了许多代代相传的世界级明星球员，如库巴拉 、克鲁夫 、罗马里奥 、里瓦尔多 、罗纳尔迪尼奥、梅西等。来西班牙巴塞罗那诺坎普露天体育场参观旅游，最有趣的部分是参观巴塞罗那足球俱乐部博物馆。 这个博物馆是世界上最现代化的足球博物馆，不仅有琳琅满目的奖杯，还配备了多媒体设施。如果想了解俱乐部和传奇球员的历史，那就沿着35米的视听显示屏行走，这里有相关的滚动视频播放。 在巴塞罗那足球俱乐部博物馆，这里有一个很有纪念意义的更衣室，在这里陈列了巴塞罗那球队历史上最著名球员穿过的球鞋、球衣和更衣箱。这对于球迷们来说，绝对是一次很有价值的参观体验。 巴萨俱乐部的大本营- Camp Nou（诺坎普球场）可容纳近十万名观众。巴塞罗那足球俱乐部是当今世界足坛最成功和最著名的球队之一，所以其主球场对全世界的足球粉丝而言也意义非凡。如果您是巴萨的铁杆粉丝，想一睹巴萨诺坎普球场的真面目，但是又买不到球赛门票，建议您去球场逛一下。球场每天都会对公众开放旅游。私信小编搭上球票直通车~#西班牙旅行##西班牙旅游##带着微博去旅行# 2西班牙 收起全文d,02月21日 19:39,评论 ,1,西班牙
用户648396483917098,[推荐] 西班牙旅游：盘点巴塞罗那最好的8个博物馆，体验艺术...。查看👉👉👉O网页链接西班牙以其艺术创造力和令人难以置信的历史而闻名于世，其中很多艺术和精神都在巴塞罗那的一些顶级博物馆中得到了展示。从毕加索的早期作品到历史文物再到现代主义雕塑，在西班牙最受欢迎的城市，你可以体验到西班牙O网页链接 收起全文d,02月21日 19:10,评论 , ,
阿嫣菇凉,《西班牙大暴走之巴塞罗那/赫罗纳/塞维利亚/马德里/塞戈维亚》 O网页链接 我发现了一篇超精彩的【西班牙游记】，速来围观！我在 @马蜂窝旅游 发现了N多马蜂窝游记，自由出行必备，下载APP> O网页链接 ​,02月21日 16:23,评论 , ,
明澈de心,《情人多达5000名、私生子无数；谁能想到荒唐国王曾经英勇无比》提起西班牙这个国家，首先想到的便是著名的旅游景点巴塞罗那教堂，哥特风格的垂直高耸感，使得人们在它面前无一不赞美它的雄伟壮观，其次便是它象征着人民对祖国的一片赤胆忠心的由红黄两色所组成的国旗。O网页链接 ​,02月21日 15:51,评论 , ,
小涵想瘦啊,超级愉快的巴塞之行 唯一一个让我流连忘返的地方 适合生活 适合旅游 适合购物 ！在巴塞见到了留学的好朋友 带我吃喝玩儿乐 简直就是我得贴身翻译 真的太爱你辣 希望你早日休够学分拿到毕业证回国 我们一起耍！如果你们旅游购物 一定要来巴塞罗那 ！ ​,02月21日 14:23,评论 1,19,
内布里哈大学,#西班牙旅游# 巴塞罗那的奇幻建筑领略建筑鬼才高迪的天马行空震撼人心的弗拉门戈欣赏那自由灵魂下的澎湃舞蹈内华达滑雪场/马拉加海滩/马德里皇宫......更多的精彩，等你来揭开感受“旅游王国”的魅力探寻欢乐旅途的奇闻趣事 ​,02月21日 12:49,评论 1,2,
西班牙TORO商务旅游有限公司,我发表了头条文章:《到巴塞罗那旅游要注意那些》 O到巴塞罗那旅游要注意那些 ​,02月21日 05:33,评论 , ,
明澈de心,《情人多达5000名、私生子无数；谁能想到荒唐国王曾经英勇无比》提起西班牙这个国家，首先想到的便是著名的旅游景点巴塞罗那教堂，哥特风格的垂直高耸感，使得人们在它面前...O网页链接 ​,02月21日 04:00,评论 , ,
用户6099769006,葛长华， 杭州市江干区九堡镇人。利用嘉远微银平台集资诈骗，使3700多个家庭遭受巨额损失1.65亿。 葛长华虽被悬赏通缉，但有保护伞出谋划策、通风报信，至今逍遥法外。      葛长华已逃往西班牙，化名葛铭华，在马德里、巴塞罗那注册了公司，继续行骗。@西班牙国家旅游局 @西班牙瓦伦西亚海外交流中心,02月14日 16:14,评论 , ,
Es胖妞-西班牙移民房产法律咨询,#上海发布# 西班牙移民 #西班牙旅行# 2西班牙·巴塞罗那 西班牙移民请还滞留在西班牙且持有旅游签的客户，随时注意自己的机票航空公司的动向，若被取消航班，且尚在签证有效期内，请联系URKALIA GROUP帮忙办理续签。对于滞留在国内的客户，若您目前所拥有的居留还有相当长的有效期，且在西班牙没有十分紧急的事情，建议可以提前取消机票，待局势相对明朗后，根据航空公司的政策变化，选择相应的稳妥的航空公司回境。对于滞留在国内的客户，且所持居留即将过期或仅持有返乡证，若急需回境，请联系URKALIA GROUP 帮您尽快办理相关手续。 收起全文d,02月20日 19:19,评论 ,1,西班牙·巴塞罗那
用户6099769006,葛长华， 杭州市江干区九堡镇人。利用嘉远微银平台集资诈骗，使3700多个家庭遭受巨额损失1.65亿。 葛长华虽被悬赏通缉，但有保护伞出谋划策、通风报信，至今逍遥法外。      葛长华已逃往西班牙，化名葛铭华，在马德里、巴塞罗那注册了公司，继续行骗。@西班牙国家旅游局 @西班牙瓦伦西亚海外交流中心,02月14日 16:14,评论 ,1,
用户6099769006,葛长华， 杭州市江干区九堡镇人。利用嘉远微银平台集资诈骗，使3700多个家庭遭受巨额损失1.65亿。 葛长华虽被悬赏通缉，但有保护伞出谋划策、通风报信，至今逍遥法外。      葛长华已逃往西班牙，化名葛铭华，在马德里、巴塞罗那注册了公司，继续行骗。@西班牙国家旅游局 @西班牙瓦伦西亚海外交流中心,02月14日 16:14,评论 , ,
老张评论,#西行乱记# 塞维利亚如果让我选择一个在西班牙定居的城市，不是巴塞罗那，不是马德里，而是塞维利亚。因为这个城市，既有历史，也有现代。既有文化，还有发达的工业。一边是拥挤热闹的古城区，过了河，就是北京一样宽阔的马路、繁华的新建筑。阳光、绿色、河流、繁华、有趣，美食和便宜的物价。塞维利亚（西班牙语：Sevilla），是西班牙安达鲁西亚自治区和塞维利亚省的首府，。也是西班牙唯一有内河港口的城市。全市人口65万。塞维利亚的南部地区为交通枢纽；城侧保存有许多气势辉宏的古老建筑。是著名的“弗拉门戈舞”的发源地；尤其是圣克鲁斯区，原为犹太人居住区，至今是塞维利亚市最具特色和最别致的住宅区。该区的房屋均用石灰粉刷成白色。条条小巷错落有致，十分幽静；各家窗台上栽有花草，一年四季，花团锦簇。西侧则展现了动感实足的现代化都市风貌，绿化良好，街道宽阔、美观整洁还有有横跨马加拉省的西班牙4大旅游区之一“太阳海岸”。斗牛也是本地特色。1492年，哥伦布发现美洲大陆后，这里曾设有“印度群岛（即美洲）交易之家”，垄断着西班牙海外贸易，这是塞城的鼎盛时期。我老婆说，很多文学艺术作品，都和塞维利亚有关。小说《唐璜》和文学巨著《唐·吉诃德》就写于该城。歌剧，比才的《卡门》，罗西尼的《塞维利亚的理发师》；威尔第的《命运之力》；贝多芬的《费德里奥》；莫扎特的《唐·乔望尼》和《费加罗的婚礼》。可惜，我们在塞维利亚只停留了一天，其实应该取消科尔多瓦，压缩一天在巴塞罗那的行程。在这个城市停留三天。 收起全文d,02月20日 18:09,评论 8,26,
我爱喝草莓酸奶儿,#西班牙旅行# 巴塞罗那的传奇建筑师，不止高迪一人。“鲜花建筑师”蒙塔内尔同样才华惊人，他设计的加泰罗尼亚音乐宫，拥有奇迹般的水滴形状玻璃穹顶，彩绘玻璃与马赛克瓷砖装饰，让这里美得犹如皇宫。音乐厅还有超过2000朵玫瑰，去巴塞罗那旅行时，留心去找找看吧！#旅游博主宅家攻略#  ...展开全文c ​,02月20日 17:18,评论 , ,
航运交易公报微博,"#新船交付# #邮轮#【  Fincantieri正式交付丽晶“七海辉煌”号邮轮】　　意大利Fincantieri船厂为丽晶七海游轮建造的“七海辉煌”号（Seven Seas Splendor）邮轮已经正式交付，这是Fincantieri船厂为丽晶七海游轮建造的第五艘邮轮。　　“七海辉煌”号总注册吨位为55,254吨，长244米。船上共有551名船员，为750名宾客提供顶级的个人化服务，确保旅程舒适惬意。邮轮设有375间客房，面积从28.5平方米至412.8平方米不等。公共空间设计豪华，设有五家精致的特色餐厅和三家典雅酒吧及酒廊。此外，品牌将总价值500万美元的艺术作品、500多盏水晶吊灯和436.6平方米的意大利云石作为装潢，打造格调迷人的船上空间。　　丽晶七海游轮总裁兼首席执行官Jason Montague表示：“七海辉煌号上的每一处都透露出典雅舒适，完美契合宾客的需要，尽显匠心。两年多以来，我们的旅客一直期待七海辉煌号的正式登场，所以正式接受预定那天线上非常踊跃，是品牌有史以来最忙碌的工作日。我们非常感激Fincantieri船厂的专业团队与丽晶游轮携手合作，合力打造这艘至臻完美的奢华游轮，将我们的伟大构想一一实现。七海辉煌号充分体现出丽晶游轮持续通过旗下船队，为宾客呈献无可比拟航游体验的决心。”　　Fincantieri船厂商船部门总经理Luigi Matarazzo指出：“优秀过硬的质量是Fincantieri船厂和丽晶七海游轮的共同点之一，我们非常荣幸能够建造奢华非凡的七海辉煌号。整个过程中，我们的团队在各方面运用了出色的技艺和专业知识，以彰显船厂在建造奢华邮轮这个竞争激烈的独特市场上的地位。”　　在史上首位执掌新船的女船长Serena Melani带领下，“七海辉煌”号于2020年2月6日正式首航，由西班牙巴塞罗那前往美国佛罗里达州迈阿密，并会于2月21日在迈阿密港举行华丽典雅的命名礼，由游轮教母、著名超模兼演员Christie Brinkley为新船祝圣。随后，游轮将于整个2月至3月邀请各国媒体和旅行社合作伙伴参加试航，率先体验船上的各项设施配套。　　命名礼结束后，“七海辉煌”号将两度经过巴拿马运河，到访热带天堂加勒比海和墨西哥蔚蓝海岸，再从迈阿密启程出发，展开独特的南加勒比海之旅前往纽约。在春季，游轮会在处女欧洲航季再次航越大西洋，游历地中海这个最热门旅游地区之一，停靠多个拥有丰富文化和历史的港口。（国际船舶网） 收起全文d",02月20日 13:57,评论 , ,
伯乐聊股,#今日看盘##股票##股市# 【伯乐聊股|热点板块专栏】 13:05 创业板指涨逾2%，沪指涨近0.7%，旅游酒店、机场、证券、白酒等涨幅居前。13:06 东方财富、同花顺午后双双封涨停，大智慧大涨8%。13:07 券商股继续走强，华鑫股份、东方财富封板，华西证券、华安证券、华林证券等涨幅居前。13:09 指数继续走强，沪指盘中突破3000点。13:36 OLED概念股走强，TCL科技、彩虹股份、智云股份涨停，京东方A、东山精密、濮阳惠成等涨逾7%。华为2月24日将在巴塞罗那发布今年华为首款5G折叠屏手机华为Mate Xs，支持65W快充，搭载麒麟990 5G处理器。 【板块数据仅供参考，不构成投资买卖建议】 收起全文d,02月20日 13:56,评论 10,44,
旅行小匠,巴塞罗那，那些有生命的建筑。          #旅行攻略分享##旅游博主宅家攻略#疫情过后，去川西稻城亚丁旅行，记得联系我哦 ​,02月20日 13:00,评论 7,1,
韩晨ALEX,#南欧#西班牙#高迪建筑艺术安东尼奥·高迪-出生于西班牙加泰罗尼亚小城雷乌斯，西班牙建筑师，塑性建筑流派的代表人物，属于现代主义建筑风格。高迪一生设计过很多作品，主要有古埃尔公园、米拉公寓、巴特罗公寓、圣家族大教堂等，其中有17项被西班牙列为国家级文物，7项被联合国教科文组织列为世界文化遗产。        天才级建筑大师安东尼·高迪对于巴塞罗那整个城市建筑风格的影响是无人能及的。他对色彩、形状、风格的大胆创新常常来源于他对大自然的崇拜，这也是巴塞罗纳的迷人之处。高迪曾说：“艺术必须出自于大自然，因为大自然已为人们创造出最独特美丽的造型。”他认为大自然界是没有直线存在的，直线属于人类，而曲线才属于上帝。@新景界·美好旅行 @新景界旅行 @西班牙国家旅游局 2深圳 L韩晨ALEX的微博视频 收起全文d,02月20日 12:10,评论 , ,深圳
甜柚纸Tina,知名旅游博主Tina酱未来几年旅行计划✈️（2020在家如同困兽一般的我无比羡慕2018-2019年的我）国内：1⃣️福建土楼（不知道为啥超级想去看看2⃣️青海茶卡盐湖（刷爆票圈的洁白的盐湖面上穿着红裙子起舞我也想拥有一张～太好看了3⃣️厦门鼓浪屿（只有我没去过系列4⃣️贵州（“舌尖”功不可没，想吃稻花鱼5⃣️穿苗族服饰（应该还是云南？这服饰真的好看！！！国外：1⃣️冰岛丹麦挪威芬兰线（呜呜呜太喜欢的一条童话路线了英国好多旅行团都出团但当时实在是腾不出时间去了+这条线路看着就冷2⃣️西班牙+葡萄牙（肝论文期间偷跑去巴塞罗那就玩了一天 还是想好好转转3⃣️日本东京-仙台-北海道（搁置两年了还没去成我擦泪4⃣️马尔代夫（小时候看麦兜留下的情结5⃣️加拿大（觉得冰川挺漂亮的虽然我怕冷 收起全文d,02月20日 12:05,评论 13, ,
仁1121,安东尼奥·高迪-出生于西班牙加泰罗尼亚小城雷乌斯，西班牙建筑师，塑性建筑流派的代表人物，属于现代主义建筑风格。高迪一生设计过很多作品，主要有古埃尔公园、米拉公寓、巴特罗公寓、圣家族大教堂等，其中有17项被西班牙列为国家级文物，7项被联合国教科文组织列为世界文化遗产。        天才级建筑大师安东尼·高迪对于巴塞罗那整个城市建筑风格的影响是无人能及的。他对色彩、形状、风格的大胆创新常常来源于他对大自然的崇拜，这也是巴塞罗纳的迷人之处。高迪曾说：“艺术必须出自于大自然，因为大自然已为人们创造出最独特美丽的造型。”他认为大自然界是没有直线存在的，直线属于人类，而曲线才属于上帝。@西班牙国家旅游局 @新景界旅行 @韩晨ALEX 2深圳·南天二花园 L仁1121的微博视频 收起全文d,02月20日 10:30,评论 , ,深圳·南天二花园
首席移民服务官,╭═租客已到，只待铺主═╮ ✨巴塞罗那125㎡黄金旺铺✨🔥 🔥 🔥 🔥 🔥 🔥 🔥 🔥 🔥  🚈 火车站旁，置换海量人潮🏘 辐射高端社区，消费力强劲5⃣ %超高回报率，总价33.5万欧💰 💰 邀您开启财富人生💰 💰 #西班牙##西班牙旅行##西班牙旅游##巴塞罗那# 2深圳 收起全文d,02月20日 10:10,评论 , ,深圳
票天地,巴塞罗那常言道：“巴塞罗那是高迪，高迪是巴塞罗那。“如果要说起谁能撑起这座美丽建筑的人，那个人肯定是旷世奇才高迪。来巴塞罗那，我们推荐你参观巴特略之家，它位于巴塞罗那市中心，是该市参观人数最多的旅游景点之一。一旦你进入了前面，你就会感觉你进入了一个神奇的世界，你将会沉浸在高迪所设计的每一个细节中。要说起我们最喜欢高迪著作，那当然就是巴特略之家，奇特而富有生命力，谁能不爱呢？总而言之，十分推荐！巴塞罗那 巴塞罗那旅行 西班牙 西班牙旅行 2西班牙 #巴塞罗那圣家堂##西班牙# #西班牙旅行# #再见西班牙# #巴塞罗那# #巴塞罗那旅行# #午夜巴塞罗那##欧洲# #欧洲旅行# #欧洲旅行攻略# #西班牙旅行笔记# #西班牙人# #欧洲旅行攻略# #跟着欧洲杯去旅行# #票天地# #旅行# #带着微博去旅行#  #带着微博去巴塞罗那#  #最炫打卡地# #慢游全世界# #旅行新势力# #遇见美好时光# #不止旅行# #全球旅行攻略# #值得去# 收起全文d,02月20日 07:39,评论 2,8,西班牙
西班牙胡子哥,"西班牙最火网红打卡地之红房子La Muralla Roja这是西班牙吸引世界各地游客拍照打卡, 甚至众多明星拍广告MV的胜地！La Muralla Roja在西班牙东海岸卡尔佩小镇，从巴塞罗那出发沿着地中海海岸一路南下，就能到达这里。外墙除了红色还有砖红色、粉红色、蓝色和少量紫色。房子高低起伏，错落有致，看起来如同俄罗斯方块。一款火爆全球的游戏因里面的精美画质和它如出一辙，也被称为现实版“纪念碑谷”。1973年建筑师Ricardo Bofill受北非阿拉伯军事堡垒的启发，用极简的线条和马卡龙色彩创造出了这里，其实就是一个封闭居民小区：60-120㎡的公寓房型50余套，还包括屋顶天台、游泳池、桑拿房。@微博旅游 西班牙旅行#欧洲旅游# 2西班牙·马德里 L西班牙胡子哥的微博视频 收起全文d",02月20日 05:52,评论 7,55,西班牙·马德里
这个才是货真价实的desturic,这次旅游攻略只做到了安达卢西亚，之后的巴塞罗那、巴黎和柏林，就随缘啦 2西班牙·格拉纳达 ​,02月20日 04:20,评论 ,7,西班牙·格拉纳达
HellaMentine,去巴塞罗那旅游，我多带一枚硬币，替你抛进许愿池里。 ​,02月20日 00:44,评论 , ,
芒果味的DeH,#西班牙旅行# 巴塞罗那的传奇建筑师，不止高迪一人。“鲜花建筑师”蒙塔内尔同样才华惊人，他设计的加泰罗尼亚音乐宫，拥有奇迹般的水滴形状玻璃穹顶，彩绘玻璃与马赛克瓷砖装饰，让这里美得犹如皇宫。音乐厅还有超过2000朵玫瑰，去巴塞罗那旅行时，留心去找找看吧！#旅游博主宅家攻略#  ...展开全文c ​,02月19日 22:27,评论 , ,
企鹅小肥居,在巴塞罗那感受艺术-金鱼们在西班牙vlog第二集🇪🇸 L企鹅小肥居的微博视频 ​,02月19日 20:19,评论 3,12,
Chensmiling橙子,"最爱旅游#旅游博主宅家攻略##宅家看世界# 巴塞罗那这家Ins博主疯狂po图的甜甜圈很好吃🍩【店铺名】Chök The Chocolate Kitchen🚕【地址】Carrer del Carme, 3, 08001 Barcelona, 西班牙@西班牙国家旅游局 @新浪旅游 @微博旅游 @微博美食 🍩【必点】❣️这家咖啡很多人忽略了，其实做的挺不错的，而且咖啡杯很单纯很可爱。推荐拿铁哦，或者绿茶搭配甜甜圈yes绝配。❣️必点甜甜圈。口味太多种，我问了老板，都是他自己现做的，这家店你也可以看到开放式的制作过程。❣️这家店的蛋糕🍰也很特别，这款红丝绒蛋糕简直就是情人节特供。 LChensmiling橙子的微博视频 @微博VLOG 收起全文d",02月19日 19:55,评论 4,11,
玉_Yuqing,#西班牙旅行# 巴塞罗那的传奇建筑师，不止高迪一人。“鲜花建筑师”蒙塔内尔同样才华惊人，他设计的加泰罗尼亚音乐宫，拥有奇迹般的水滴形状玻璃穹顶，彩绘玻璃与马赛克瓷砖装饰，让这里美得犹如皇宫。音乐厅还有超过2000朵玫瑰，去巴塞罗那旅行时，留心去找找看吧！#旅游博主宅家攻略#  ...展开全文c ​,02月19日 19:50,评论 , ,
隔壁大老李洛克,《巴塞罗那|以Hola开头Gracias结尾的西班牙之旅（D3-D4)》 O网页链接 我发现了一篇超精彩的【巴塞罗那游记】，速来围观！我在 @马蜂窝旅游 发现了N多马蜂窝游记，自由出行必备，下载APP> O网页链接 ​,02月19日 18:12,评论 , ,
捂眼看综艺,《#极限青春#》【#程潇# #王一博#】最强战队将获国外旅游度假奖励，王一博对巴塞罗那心动了！ L捂眼看综艺的微博视频 ​,02月19日 16:07,评论 ,4,
穿行世界的cici澄,"#我心中所念的那座城# 📍西班牙🇪🇸·Restaurante Monvínic巴塞罗那Monvínic葡萄酒酒吧餐厅，是被评选为世界上最好的五大酒吧之一！国内的旅游网站上基本没有太多讯息，但是在西班牙和TripAdvisor 都很有名气。Monvínic的老板Sergi Ferrer-Salat是巴塞罗那的富豪，拥有整个巴塞罗那最好的wine bar，有着覆盖全世界大多数产区的藏品，储量多达3000款。每天都会有大概55款葡萄酒供应一杯或半杯，即使不含酒精的饮料也是提供的葡萄有关的，比较特别的是有葡萄啤酒，口感意外的清新好喝～另外，这里的餐食料理水准也很高，食材选料上都很讲究，加上精心的烹饪摆盘，味道可口！喜爱葡萄酒，喜爱美食的你一定要到这里来打卡，小众够逼格！💡【小贴士】📍地址：Diputacio, 249, 巴塞罗那08007 西班牙💰价位：￥147 - ￥461🍷美食：红酒吧，地中海, 欧洲, 西班牙菜#疫情在家做什么##西班牙旅行# @微博旅游 @新浪旅游 收起全文d",02月19日 15:03,评论 157,476,
算命-取名-择日,星座旅游城市-白羊：森林湖泊-柏林，金牛：色的盛宴-阿姆斯特丹，双子：腐败单纯-摩纳哥，巨蟹：多瑙河明珠-布达佩斯，狮子：浪漫高贵--巴黎，处女：高洁-赫尔辛基，天秤：音乐-维也纳，天蝎：七丘之城-罗马，射手：浪迹-巴塞罗那，魔羯：古朴理性-伦敦，水瓶：深巷-塞维利亚，双鱼：花样浪漫-普罗旺#八字合婚#八字算命婚姻事业财运八字合婚#取名##八字算命、八字合婚、取名# 收起全文d,02月19日 10:59,评论 1, ,
没有昵称洗洗睡吧,#跟着赛事去旅游# 3月西甲欧冠双赛团，苏牙受伤换帅风波，巴萨艰难时刻更需要球迷的支持！诺坎普球场朝圣，观看欧冠16强赛，对阵那不勒斯；训练基地探班，畅游巴塞罗那，这样的旅程丰富又精彩。02JiJZp19。冠球票服务包3400元起；联赛球票服务包900元起，团队游10800元起！其他巴萨观赛团同时接受报名，名额有限 ...全文 收起全文d,02月19日 09:55,评论 , ,
茄茄要努力学习鸭,为什么在🇰🇷舞室的照片就能干脆地放，在巴塞罗那的旅游照就要拖那么久啊？把大家当傻子吗？ ​,02月19日 07:31,评论 , ,
Yggisdog,我在计划我在巴塞罗那的旅游我累了🙈每天都是暴走太累了还要计划一个周边一日游小镇🙈 ​,02月19日 07:15,评论 ,1,
YY56岁,带你走遍全世界——第五百六十五站，巴塞罗那，位于伊比利亚半岛东北部，濒临地中海，是西班牙第二大城市，也是加泰罗尼亚自治区首府，西班牙最有代表的旅游城市。高迪的建筑圣家族大教堂也是整个西班牙参观人次最多的景点。还有米拉之家、兰布拉大道、蒙锥克山等等等。巴塞罗那的美食、海滩、老城区的哥特建筑和热闹的城市生态都是吸引人的理由。 收起全文d,02月19日 06:58,评论 ,1,
在西班牙的北京人,"今天Campoamor这里一直在下雨，也是难得，来了三周了，第一次下雨。习惯了天天蓝天白云太阳高照，突然下雨就不想出门了。在家和两个活宝网上学习，简直比自己当年准备考试还累。不知吼了多少次，又去阳台上透气舒缓情绪若干次后想了想饭还是要好好做，好好吃的。今天就来做著名的西班牙海鲜饭。 西班牙海鲜饭是鱼米之乡--瓦伦西亚的特色。当年去巴塞罗那旅游时，（巴萨罗那是属于加泰罗尼亚，动不动就要求脱离西班牙的）看到很多饭馆和超市卖海鲜饭，先生很不屑。那时的我以为是他的瓦伦西亚故乡情结在作怪，容不得看到家乡的特色变成其他地方的招牌。现在想想也是，就好像是吃烤鸭要去北京，吃生煎在上海一样。如果北京满大街卖生煎，上海到处吃烤鸭就太可笑了，而且，敲黑板：一定不会正宗。 西班牙海鲜饭做好有几个要点：1.       要用海鲜汤，2.       藏红花调料必不可少，3.       大米和汤的比例为1:2，4.       中火10分钟，小火10分钟，5.       烹调过程中不要过多搅拌，以免饭太粘软。海鲜饭讲究的是锅下面还有一层锅巴，做好后不能有汤汁剩下。本地人喜欢的是米饭一粒粒分明，有嚼劲。但中国人吃往往觉得有些硬，习惯使然罢了。觉得硬的可以多加一点汤，多搅拌几次就好了。 先生告诉我在他妈妈的村子里有很多不同种类的”海鲜饭”, 不是用海鲜，一种是用兔肉，还有一种是蜗牛.这两个我就不打算尝试了，小兔子多可爱啊，蜗牛就有点儿内个了… 其他的我打算一个一个尝过去，最好都学会做。其实瓦伦西亚每个地方都根据自己周围的特产发展了自己特色的“海鲜饭”。Arroz negro 黑色的海鲜饭也是一大特色，用墨鱼的墨汁染黑米饭，吃好了后一嘴黑。 记住了，来西班牙吃海鲜饭要在瓦伦西亚！ 2西班牙 收起全文d",02月19日 05:42,评论 ,1,西班牙
西班牙TORO旅游,移民，旅游。清洁用品怎样教孩子洗手-西班牙巴塞罗那导游提醒 O怎样教孩子洗手-西班牙巴塞罗那导游提醒 ​,02月19日 00:49,评论 , ,
企鹅小肥居,金鱼们在巴塞罗那vlog第一集-西班牙吃tapas24🇪🇸。想念白桑和香桑了！ L企鹅小肥居的微博视频 ​,02月19日 00:45,评论 3,5,
环球旅行推荐,巴塞罗那的对称美感受一下    #环球旅游##环球旅行推荐# ​,02月19日 00:31,评论 ,3,
西班牙葡萄牙旅游中文导游地接,"#不止旅行##西班牙旅行##巴塞罗那旅行# 巴塞罗那气候宜人、风光旖旎、古迹遍布，素有""伊比利亚半岛的明珠""之称，是西班牙最著名的旅游胜地，是一个你来了不想走的城市...... L西班牙葡萄牙旅游中文导游地接的微博视频 ​",02月18日 23:21,评论 ,1,
趣欧洲西葡行,"#不止旅行##西班牙旅行##巴塞罗那旅行# 巴塞罗那气候宜人、风光旖旎、古迹遍布，素有""伊比利亚半岛的明珠""之称，是西班牙最著名的旅游胜地，是一个你来了不想走的城市...... L趣欧洲西葡行的微博视频 ​",02月18日 23:18,评论 , ,
王目十,#21天连更计划# Day9📍Spain高迪是天才，TAPAS和Sangria是必点，七月的巴塞罗那，防晒霜也是终极必备的。盛夏的西班牙，热情度还好，热倒是极致的。恰巧预定的民宿当初只在乎了地段，没认真询问其他设施，因此到了才知道没有空调，向阳的房间里只有一个不起作用的电扇，睡了第一晚后我和菲哥说，“菲菲，你介意我把窗户整个敞开睡觉吗？”“为什么？”“蒸一宿桑拿的同时想偷点儿清晨的凉气儿。”“哈哈哈，妹的，如果窗户能有整面墙大就好了。”好在虽然住宿上面和葡萄牙有着天壤之别，玩儿还是尽了兴的，以至于在巴塞罗那海滩上找寻名为“孤独的星宿”的建筑时，老天特地赠予了我们一场瓢泼大雨。路上嘛，总是惊喜和惊吓并存的，来过。#云旅游大赛#2西班牙 收起全文d,02月18日 22:11,评论 ,4,西班牙
AIRPLUS沐昂旅行,🇪🇸西班牙最值得买❓超详细购物清单→_→在这里作为欧盟退税最高的欧盟国家，到了西班牙当然要买买买，除了奢侈品，本土小众品牌服饰、彩妆护肤性价比都很高，咱们就来看看有哪些值得买吧。📍巴塞罗那、马德里💧兰蔻、雅诗兰黛、雅顿、Sisley、Guerlain、Valmoont、La prairie、La mer…基本你能想到的欧洲中高端护肤品牌价格优势都很高，高端的甚至能达到国内5折价格，比日上还划算。而且货品很全不会断货。💧逛彩妆专柜颜色齐全，而且亚洲柜基本上都针对亚洲人肤色，这里你可以有更大胆的选择。💧药妆众所周知西班牙有很多本土的药妆品牌，路边随处可见，跟着这份清单买不会错！▫️GERMINAL1977年诞生的药妆界安瓶鼻祖，西班牙真正的国民品牌。安瓶精华，适合干皮，用完脸上自带高光不带夸张的。▫️sesderma最有名的就是身体乳和白藜芦醇精华，主打植物天然萃取，保湿美白抗氧化，性价比高，敏感肌也无压力。▫️Martiderm大名鼎鼎的西班牙第一安瓶，功能区分比较细，要自己做功课。部分肤质可能会有耐受问题，适合的人就很爱。▫️Insdin去年就被推爆的防晒霜和安瓶。▫️singuladerm大厂加持，原料优秀。主打胜肽成分，抗衰老是出了名的有效，又比A醇耐受，适合长期稳定抗老。推荐SOS紧致精华、面霜。▫️ENDOCARE敏感肌也能放心用的安瓶，主打维稳，皮肤不舒服、有炎症、易泛红、毛孔老化啥的都适合。搭配面霜，做一个连续7天的密集护理，也挺救急的。▫️Natura Bissé号称西班牙皇室贵族之选·👗服饰Paco Rabanne：手工制品，品牌标识是金属亮片。最有名的blingbling小包包，非常适合聚会用。Miista：鞋子小众复古，最红的是它家的丝带包。Cortana：清新柔和的设计搭配重工艺的制作，浪漫精巧feel。RUS the brand：慵懒系的设计师品牌。·西班牙值得逛的小众品牌还有很多，什么时候有机会，就去好好挖掘一下吧~tips：🔹沐昂致力于打造极具性价比的奢华出行，拥有航司，酒店资源和定制旅游经验🔹✈️机票低至3折，🏨酒店特价6折，现在更有14天泰国机酒定制游🔹扫码置顶微博或私信您的号码/邮箱获取最强攻略2西班牙#西班牙##欧洲退税攻略# #欧洲旅游购物攻略# 收起全文d,02月18日 18:33,评论 ,4,西班牙
过客5703509999,昨天在巴塞罗那市内闲逛，偶遇两辆偏斗摩托车，本来以为是那种老爷车呢，可仔细一看，那个驾驶员在给旁边偏斗里坐着的那个人在讲解什么，原来是两辆拉旅游的车呀，挺佩服这些人的商业头脑，这两辆偏斗车本身也应该算是一道风景吧！ 2西班牙·巴塞罗那西班牙广场 ​,02月18日 18:17,评论 1, ,西班牙·巴塞罗那西班牙广场
过客1977-2015,昨天在巴塞罗那市内闲逛，偶遇两辆偏斗摩托车，本来以为是那种老爷车呢，可仔细一看，那个驾驶员在给旁边偏斗里坐着的那个人在讲解什么，原来是两辆拉旅游的车呀，挺佩服这些人的商业头脑，这两辆偏斗车本身也应该算是一道风景吧！ 2西班牙·巴塞罗那西班牙广场 ​,02月18日 18:14,评论 ,1,西班牙·巴塞罗那西班牙广场
吃掉菜芽菌,#宅家第一次学做饭的你# 【最适合十二星座旅游的欧洲城市之二】天秤座-音乐之都-奥地利维也纳；天蝎座-七丘之城-意大利罗马；射手座-浪漫与浪迹天涯-西班牙巴塞罗那；魔羯座-古朴理性刻板-英国伦敦；水瓶座-深深窄巷-西班牙塞维利亚；双鱼座-花样浪漫-法国普罗旺斯。 ​,02月18日 16:17,评论 1, ,
ZANADU赞那度,走在巴塞罗那街头，到处都有高迪的符号，高迪也被誉为“马赛克之父”。从米拉之家、巴特罗公寓，到奎尔宫和奎尔公园，再到倾尽心血的圣家族教堂，巴塞罗那几乎所有最具盛名的建筑物都出自高迪之手，在他一生的作品中，有17项被西班牙列为国家级文物，3项被联合国科教文组织列为世界文化遗产。当然，还有西班牙两大招牌美食——海鲜饭和伊比利亚火腿，身为安达卢西亚首府，以阳光、橘子树和弗拉明戈著称的塞维利亚更是一座Tapas之城。#西班牙# #疫情过后的第一件事# @西班牙国家旅游局 收起全文d,02月18日 16:00,评论 2,4,
小幸运会发光呀,【这里是西班牙】巴塞罗那的黄昏 #旅游# ​,02月18日 07:40,评论 , ,
flamingo-et-flamenco,在巴塞罗那冻感冒回尼斯，一大堆衣服要洗，走之前收拾干净的家蒙上一层浮灰又要重新打扫，明天要做presentation，报告和PPT都没有定下来，硕士毕业项目也在催，下周还有另一个presentation，资产组合的网课因为旅游堆了很多，也马上要截止了，用凉水洗脸试图按小时候妈妈教我的那样物理降温的时候，觉得有时候生活真的很不容易。 2法国·英国人漫步大道 收起全文d,02月18日 04:25,评论 8,5,法国·英国人漫步大道
卞亚梦,北欧算是欧陆上对航拍爱好者最友好的地界儿了，大城市中当属斯德哥尔摩，谨以此原创献给这座巴塞罗那之外最爱的城市，夏季再会！📷 🌿🌺BGM: Robert Miles~《Everyday Life》#瑞典旅行##瑞典##斯德哥尔摩##大疆##大疆御2pro# @瑞典旅游局 @瑞典驻华大使馆微博@DJI大疆创新 L卞亚梦的微博视频 收起全文d,02月17日 20:04,评论 1,11,
优质的专业备胎酱,#跟着赛事去旅游# 2020巴萨双赛团，西甲联赛、欧冠16强，任意选择！诺坎普朝圣，主场对阵劲旅那不勒斯，训练基地探班，球迷主题狂欢，可口的西班牙美食，畅游巴塞罗那，这样的旅程丰富又精彩。02chFec17。冠球票服务包3400元起；联赛球票服务包900元起，团队游10800元起！其他巴萨观赛团同时接受报名，名额有限 ...全文 收起全文d,02月17日 16:41,评论 , ,
BONUMS,#柏纳仕酒店推荐#  #威特莫酒店#    #西班牙# 想要欣赏威特莫酒店 (The Wittmore) 的纯正魅力，您得走进去亲身体验一下。因为这里“禁止拍照”。我们诚邀您在此稍作停留，细细感受这家专为成年人打造的奢华酒店的精华之处，品味特莫酒店为巴塞罗那哥特区带来的纽约精致之风。这是一处放松身心并举行狂欢活动的理想场所。您可以把灯光调暗，在精致卧室内尽情舒展疲惫的身躯。可以前往屋顶酒吧体验时尚生活。白天时，您还会发现卧室的各个角落都布满了设计师元素，尽显英伦风情。到了晚上，整个酒店则披上了一层俱乐部色彩，无论是供应鸡尾酒池畔酒吧，还是楼下的“Witty”餐厅，都弥漫着时尚的气氛，是开展社交活动的好地方。酒吧甚至还生了火，更添舒心之感。步入酒店内部，您感受到的是低调和神秘。但是来到外面，周围环绕的则是巴塞罗那的繁华和喧嚣。甩掉束缚，让自己迷失在被称为哥特区神秘之所的威特莫酒店。或者，您也可以探索城市，欣赏无处不在的艺术、历史和文化。此外，酒店还临近绿色公园、花园和沙滩。@西班牙国家旅游局 @全球奢华精品酒店 收起全文d,02月17日 15:56,评论 , ,
冬日里最暖的点点,#西班牙旅行# 巴塞罗那的传奇建筑师，不止高迪一人。“鲜花建筑师”蒙塔内尔同样才华惊人，他设计的加泰罗尼亚音乐宫，拥有奇迹般的水滴形状玻璃穹顶，彩绘玻璃与马赛克瓷砖装饰，让这里美得犹如皇宫。音乐厅还有超过2000朵玫瑰，去巴塞罗那旅行时，留心去找找看吧！#旅游博主宅家攻略#  ...展开全文c ​,02月17日 14:20,评论 , ,
趣欧洲西葡行,@西班牙葡萄牙旅游中文导游地接 //@西班牙国家旅游局:巴塞罗那巴特罗之家点亮中国红,01月24日 19:08,评论 , ,
巴萨instagram,"巴萨告诉你，足球能带来多大经济贡献巴塞罗那早前委托四大会计师事务所之一普华永道(PwC)，就俱乐部在2018/19球季对巴塞罗那市乃至整个加泰罗尼亚地区的经济贡献作调查报告。巴萨之前也委托过另一家Big4 德勤(Deloitte)就2014/15球季数据作同类调查，这次就可以看到两个时期之间的变化了。PwC的报告指，巴萨期内对巴萨市的经济贡献，由2014/15年的9.06亿欧元上升至11.9亿欧元，增长达到31%，占了整个市的国民生产总值(GDP)的1.46%。当中，仅仅由俱乐部直接贡献的各种税项就占3.66亿欧元，比上一份报告上升67%，也相等于整个巴萨市政府的开支预算13.81%。而对于整个加泰地区，贡献金额更达到13.94亿欧元，占整个加泰地区GDP 0.57%。而除了同俱乐部直接相关的税项之外，巴萨当然也都带动了当地的就业。报告指出，巴萨总共带动了市内19,451个就业机会，相等于整个巴萨市总就业人口的2.65%，较上一份报告的16,620上升17%。报告也指，巴萨自己每创造一个职位可以带动市内创造多12个职位。如果延伸至整个加泰地区，带动的职位总数更加达到23,351, 占整个地区总就业人口0.69%。而最受惠巴萨带动的周边产业，当然就是旅游和酒店业啦。仅2018/19球季，估计因为受巴萨吸引到访的旅客数字，就相当于143万次的过夜住宿。很明显，一支足球队表现越好，周边地区就越受惠。#巴塞罗那# 收起全文d",02月17日 10:51,评论 ,25,
水兵7202011,追寻大航海时代，春日西葡游记（十一）佩尼斯克拉，西班牙橙花海岸中世纪的白色石头城，是巴塞罗那到瓦伦西亚间最美的海滨古镇。它没有米哈斯有名，是因为电视剧<<权力的游戏>>，才开始进入大众视野。一边是海水、阳光、古屋和静谧，一边是城堡、城墙、历史和沧桑。由于很少有旅游团来这里，因而佩尼斯科拉仿佛是一个与现代生活隔绝的世界，写满了质朴与纯情。（郭莉 悠荷） 收起全文d,02月16日 22:07,评论 1,3,
钟劭,在巴塞罗那买件球衣要多少钱？其实比国内贵很多。印证那句话：旅游区商品肯定贵。专卖店印有梅西中文字的球衣，穿回来会否给人说是假货呢？#巴萨# L钟劭的微博视频 ​,02月16日 21:10,评论 ,2,
用户6508465436,分享一起去旅游 的@绿洲 动态：「巴塞罗那的提比达博山」 ins:butnomatter.theroadislifeO绿洲 ​,02月16日 19:27,评论 , ,
Emma_Tse,复活节假期准备到巴塞罗那和马德里玩，詹叔在做计划。最近他一个班在学英语比较级，这周末留给学生的作业是，假如你要到巴塞旅游，所有交通方式中哪种比较便宜？比较快？比较舒服？ ​,02月16日 19:03,评论 2,1,
AmyMissingU,LOST IN MADRID—不可思议的马德里原本要去巴塞罗那的我们，在芬兰赫尔辛基被滞留10个小时后，没有一点点防备的被改签去了马德里，开启了这趟未知的旅程。 LAmyMissingU的微博视频 ​,02月16日 18:10,评论 ,4,
乾坤军,#提笔ding乾坤#【最适合12星座旅游的城市】白羊-柏林 金牛-阿姆斯特丹 双子-摩纳哥 巨蟹-布达佩斯 狮子-巴黎 处女-赫尔辛基 天枰-维也纳 天蝎-罗马 射手-巴塞罗那 摩羯-伦敦 水瓶-塞维利亚 双鱼-普罗旺斯。 ​,02月16日 15:19,评论 , ,
Casiel的狂想旅程,#西班牙##巴塞罗那##巴塞罗那vs赫塔菲# 视频最后有攻略，打卡巴塞主场—诺坎普球场，体验一场足球的狂欢。 L小怪兽de小众旅游攻略的微博视频 ​,02月16日 13:03,评论 ,2,
穿行世界的cici澄,#有创意的旅行方式# 来自西班牙🇪🇸巴塞罗那，诺坎普球场中心的应援——在昨晚西甲巴萨与赫塔菲的对战赛前开幕式，巴萨与赫塔菲的球员们领着身穿“中国加油 ”T恤的小球童们入场，感谢巴萨！（虽然我并不是个球迷，下次再去巴塞罗那，一定要补一场球赛⚽️）#巴萨声援中国##西班牙旅行# @微博旅游 @新浪旅游 2西班牙·诺坎普球场 收起全文d,02月16日 11:32,评论 46,291,西班牙·诺坎普球场
谷熊猫-,二月份的vlog也来惹💭02.14情人节正巧赶上巴塞灯光秀 看到了好多富有创意的设计 自己一个人走了三个多小时 还没有看完全部！在这方面 我特别喜欢巴塞罗那 就是无论活动大小 大家的参与度都很高 封道、指示牌、街头小吃都很到位 哪怕一个人走在街上 你也不会觉得孤单 因为大家情绪高涨🥳02.15一个人去吃了心心念的烤大葱 提前在网上买好了票 但我是真的没想到竟然这么多人……排了至少一个小时的队才领到食物 不过依然是气氛热烈 虽然烤大葱味道不怎么样 但是喜欢这样的氛围 顺便也参观了一下Poble Espanyol de Montjuic L谷熊猫-的微博视频 收起全文d,02月16日 07:38,评论 2,19,
Powerfullufei,#PL·地球漫步# 🇪🇸 巴塞罗那Casa Batlló 巴特罗之家🏜#手机摄影##不止旅行##遇见美好# @新浪旅游 @微博摄影 @微相册 ​,02月16日 06:56,评论 ,1,
老马的退休生活,透过检票口的落地玻璃屏可以看到楼下月台上停着的长长高铁列车，这里是西班牙的高铁始发站，所以一道道站台上停满了高铁列车，以马德里为中心驶往西班牙全国东南西北各个地方。我们上了列车，车厢内的布局设施和国内的高铁差不多，皮座椅的颜色是黛色的，又配上黑色的地面，让整个车厢的氛围显得有点沉闷凝重。火车正点4点半发车，开了没多久就出了马德里市区，车窗外掠过的是低山逶迤的原野，麦苗在泛青，一簇簇的油橄榄树优雅地伫立在青色的山岗上。列车出了城后速度逐步快了起来，我看了通道门上方的电子屏幕，最高时速没突破250公里，而且车身有些轻微的颠动，没有国内高铁平稳。有人问小裘，西班牙的高铁是否是中国技术？小裘说：“不是，西班牙引进的是德国技术。”马德里到巴塞罗那全程八百多公里，中间停靠五个站，全程需五个小时不到。       西班牙的早春三月还属昼短夜长，火车又是直奔东方而去，因此开了一个多小时天就黑了下来，西班牙相对于中国东部沿海也算是地广人稀的地方，所以车窗外也是黑灯瞎火的一片。火车半路停站，隔壁道轨上停着一列上下客的反方向列车，透过车窗看到那列火车上行色匆匆的西班牙旅客，仿佛觉得自己象是在看电影，我们的人生和他们的人生就是两个完全不同的剧本，上演着两出互不相交汇的剧情……       晚上九点半前后到达巴塞罗那。从火车站里出来，登上巴塞罗那的旅游大巴，我们住的宾馆不在巴塞罗那市区，而在离市区约三十公里的卫星城里。大巴在灯火阑珊的车道上奔驰，只觉得大巴塞罗那市区就宛若星汉落地明珠满地。巴塞罗那是个繁华的城市，快速路上飞驰的大小汽车如流星一般划过车外，夜色里的巴塞罗那城依然是匆匆的急行着。路边突然出现一幢蓝红相闪的圆塔状建筑，在黑绒般的夜幕中尤显的妩媚动人晶莹剔透，没人问小裘这是什么建筑，只觉得它是目前为止看到的巴塞罗那最美丽的夜精灵！2018年3月6日 收起全文d,02月15日 23:20,评论 , ,
杨屁屁-,一个我绝处逢生的经历：昨晚十点，在我发现回国的第二段航空被取消了，然后就开始了疯狂求生之路。由于现在在巴塞罗那用的是西班牙旅游卡，因费用不够打不出国际电话后，跑去前台问怎么可以打出电话，因时间太晚根本没法充值，于是我很绝望的回到了房间。敷了个面膜之后，我开始翻Facebook找阿提哈德主页，通过Massage联系阿提哈德，被告知是我的航班受意大利航空管制要去联系意大利航空。于是我又去找意大利航空的的主页，除了看到它主页第一条动态评论里疯狂有人在说退票无果、联系无果、解决无望之后，我绝望了。在我告诉阿提哈德意大利航空并没有任何人回复之后，他在一个小时内帮我查好了机票，更换了信息，发来了确认函。阿联酋果然是阿联酋，我真的服气又感动，绝望又欣喜。 收起全文d,02月15日 21:40,评论 4,7,
克拉恋人旅行婚礼,「克拉恋人💗日本神社婚ִ礼⛩」  ——世界遗产二͏条城婚 礼🎎“二͏条城”是400 年来见证了日本🇯🇵历ִ史上的重要历史遗迹 。京؜都引以为 豪的重ִ要文ִ化财产，被联合国教科文组织登ִ录其؜为世界遗产，集 结世 界注 目的“世界遗产二条城婚礼”💑站在“二条城”大 门迎接两位新؜人🎎未来的传ִ承也可ֺ以继 续走下ֺ去，是非常特别吉؜祥的场所，为新人؜们带ִ来最幸福的一天💕#明星海外旅拍##婚礼策划##英国#伦敦#爱尔兰#英格兰#古堡教堂#婚礼#英国#牛津#剑桥#旅拍#德国#柏林#法兰克福#海德堡#慕尼黑#古堡婚礼#美国洛杉矶#华盛顿#费城#波士顿#罗德岛#圣地亚哥#黄石公园#卡梅尔#一号公路婚拍#拉斯维加斯#夏威夷#塞班#纽旧金山#迈阿密#芝加哥#西雅图#法国巴黎古堡婚礼#普罗旺斯#旅游#结婚#英国#伦敦#西班牙#巴塞罗那#捷克#布拉格#丹麦#芬兰#哥本哈根#注册结婚#意大利#佛罗伦萨#罗马#威尼斯#冰岛#瑞典#瑞士#挪威#新西兰#皇后镇#奥克兰#澳大利亚#墨尔本#悉尼#加拿大#日本#东京#京都#北海道#知念岬#大阪#奈良#美国塞班岛#泰国曼谷#苏梅岛#普吉岛#清迈甲米#印尼巴厘岛#美娜多#科莫多#马来西亚#槟城#吉隆坡#仙本那#韩国济州岛#马尔代夫#大溪地#海岛婚礼#欧洲#亚洲#旅行结婚#北京克拉恋人海外婚礼策划公司#DiamondLover#婚礼定制#草坪#沙滩#水台#教堂#古堡#跳伞#潜水#直升机#游艇#老爷车#逃婚#蜜月#小众个性婚礼# 收起全文d,02月15日 20:00,评论 , ,
itslittlemax,2西班牙·巴塞罗那#游记##巴塞罗那旅游攻略# ​,02月15日 19:21,评论 , ,西班牙·巴塞罗那
浩野户外旅行,巴塞罗那大概是强迫症患者最喜欢的城市了~~！  #旅游##不止旅行##带着微博去旅行# ​,02月15日 11:23,评论 8,10,
西班牙不是斗牛城,受疫情影响，GSMA(全球移动通信系统协会)决定取消MWC 2020的举办。而华为原本准备在此次大会上发布包括MateXs在内的一系列5G终端新品。对此，华为方面回应称，公司尊重这一决定#华为##mwc巴塞罗那2020##巴塞罗那导游##巴塞罗那旅游##玩遍西班牙# L西班牙不是斗牛城的微博视频 ​,02月15日 09:29,评论 1, ,
曾雪懿_曾胖娃儿,西班牙旅游vlog | 火车上智斗扒手 | 巴塞罗那Tapas好好吃！！！ | 马德里不思议？？？ | 瓦伦西亚美哭了@微博VLOG VLOG 曾雪懿_曾胖娃儿 L曾雪懿_曾胖娃儿的微博视频 ​,02月15日 09:00,评论 129,235,
瞌睡de黑猫,#西班牙旅行# 巴塞罗那的传奇建筑师，不止高迪一人。“鲜花建筑师”蒙塔内尔同样才华惊人，他设计的加泰罗尼亚音乐宫，拥有奇迹般的水滴形状玻璃穹顶，彩绘玻璃与马赛克瓷砖装饰，让这里美得犹如皇宫。音乐厅还有超过2000朵玫瑰，去巴塞罗那旅行时，留心去找找看吧！#旅游博主宅家攻略#  ...展开全文c ​,02月15日 00:11,评论 , ,
胡子先生-麦迪,#劳逸结合抗疫情，足不出户看世界#今日推荐：巴塞罗那之建筑奇才也许世界上没有哪座城市能像西班牙的巴塞罗那 ，因一名天才建筑师而闻名于世，高迪一生大部分时间都在巴塞罗那 创作，他在这里留下了私人住宅、学校、居民楼、公园以及大教堂等多种风格的建筑作品。在 巴塞罗那 ，你很难说清楚，究竟是一座城成就了一个人，还是一个人成就了一座城。安东尼奥·高迪（1852年6月25日—1926年6月10日），出生于西班牙加泰罗尼亚小城雷乌斯 ， 西班牙建筑师，塑性建筑流派的代表人物，属于现代主义建筑风格。设计过很多作品，主要有古埃尔公园、米拉公寓、巴特罗公寓、圣家族教堂等。高迪一生的作品中，有17项被西班牙列为国家级文物，7项被联合国科教文组织列为世界文化遗产。@环球旅行纪录片我去看世界 @带着微博去旅行 @携程旅游 收起全文d,02月14日 21:46,评论 ,1,
巴塞罗那旅拍Aureazhu,爱在@巴特罗之家 这是高迪#高迪# 式的浪漫，蓝色瓷砖贴成了梦幻的海底世界。在“爱你爱你”年的#情人节# ，和最爱的人在最美的景前相吻。#旅拍##带着微博去旅行##情人节##欧洲旅拍##婚纱照旅拍##巴塞罗那旅行##旅拍摄影师##遇见美好##人像摄影##喜欢拍照也喜欢你##约拍##巴塞罗那旅拍##爱上这座城##人像摄影##西班牙旅拍##西班牙旅游##网红打卡胜地# 爱她，就带她去旅拍把，这般美好的画面，它值得被永远定格。@加泰罗尼亚旅游官网 @西班牙国家旅游局 2西班牙 收起全文d,02月14日 21:12,评论 1,2,西班牙
魏无心,#西班牙旅行# 巴塞罗那的圣保罗医院，是城中最“深藏功与名”的建筑。位于圣家堂对面800米，游客人数大概是圣家堂的1/1000吧。但在我心中，这座史上最美医院并不逊色于圣家堂。它包含了48座美轮美奂的建筑，一百年来至今仍是使用中的医院，用医学与艺术同时拯救人们的身体与心灵。#旅游博主宅家攻略# ​,02月14日 20:47,评论 8,10,
每天进步一点喔喔,第一次做视频剪辑：剪了一段从巴黎到西班牙🇪🇸巴塞罗那，马德里，塞维利亚，葡萄牙里斯本的旅行 L哈喽正能量小姐Sherry的微博视频 ​,02月14日 18:53,评论 ,1,
Deshine建筑景观,曼塔医院#厄瓜多尔##2020发现城市更多美# 位于厄瓜多尔海岸的新曼塔医院，是巴塞罗那和马德里的PMMT建筑公司在厄瓜多尔建造的第三个医疗中心。#医院设计# 曼塔医院作为曼塔市的旗舰医院，其面积超过两万四千平方米，为曼塔市二十万的居民提供服务。#景观设计##医院建筑# 医院出众的设计被总结成有三大特点：它绝对包容的通用性与可使用性；其参数化设计系统所实现的超灵活性；及其抗震立面与结构。这些优点使曼塔医院成为国际上最具创新性的医院之一。#建筑设计##园艺##旅游# 收起全文d,02月14日 17:36,评论 ,1,
克拉恋人旅行婚礼,［克拉恋人💗 日本知念岬&龙桥 ］哈哈，开头先说下，如果小克拉今天不给大家分享客人们的照片，是不是很多朋友们都不知道日本🇯🇵还有这个地方吧？[捂脸]🈶些新人们就喜欢这种身着简易婚纱，甚至配上一双回力运动鞋👟完全是那种“带着婚纱去旅行”的轻松简单的方式拍照📸自然！不伪装！不做作！不管过了多少年对自己的婚礼💒or婚纱照都持有欣赏跟回忆的态度，我觉得这就够了……#情人节##婚礼##海外婚礼##克拉恋人海外婚礼##婚礼策划##日本#2日本明星海外旅拍婚礼策划英国伦敦爱尔兰英格兰古堡教堂婚礼英国牛津剑桥旅拍德国柏林法兰克福海德堡汉堡慕尼黑古堡婚礼美国洛杉矶华盛顿费城波士顿罗德岛圣地亚哥黄石公园卡梅尔一号公路婚拍拉斯维加斯夏威夷塞班纽旧金山迈阿密芝加哥西雅图法国巴黎古堡婚礼普罗旺斯旅游结婚英国伦敦西班牙巴塞罗那捷克布拉格丹麦芬兰哥本哈根注册结婚意大利佛罗伦萨罗马威尼斯冰岛瑞典瑞士挪威新西兰皇后镇奥克兰澳大利亚墨尔本悉尼加拿大日本东京京都北海道知念岬 大阪奈良美国塞班岛泰国曼谷苏梅岛普吉岛清迈甲米印尼巴厘岛美娜多科莫多马来西亚槟城吉隆坡仙本那韩国济州岛马尔代夫大溪地海岛婚礼欧洲亚洲旅行结婚北京克拉恋人海外婚礼策划公司DiamondLover婚礼定制草坪沙滩水台教堂古堡跳伞潜水直升机游艇老爷车逃婚蜜月小众个性婚礼 收起全文d,02月14日 17:32,评论 , ,日本
嘀嗒飘过,"新闻 | 2020年2月14日星期五 在这里，一起读懂世界！1、美国：蒙莫斯大学最新民调称美国约67％选民认为特朗普会连任总统2、媒体：全球移动通信系统协会GSMA宣布取消本届世界移动通信大会(原定于2月24日至27日西班牙巴塞罗那)3、趋势：OPEC将2020年中国经济增长预期从5.9%下调至5.4%，将全球原油需求增速预期下调19%4、能源：哈萨克斯坦建议俄罗斯通往中国的西线天然气管道""西伯利亚力量2""经过该国5、科技：中国科学技术大学潘建伟团队实现50公里远的量子存储器纠缠，超纪录37倍6、数据：全国各地8866名患者临床数据披露：男性更易感且病死率为女性3倍，基本传染数R0为3.777、教育：国家中小学网络云平台2月17日开通，从小学至普通高中主要学科课程资源8、疫情：湖北十堰市张湾区实施战时管制 所有楼栋封闭管理物资由政府定时定价配送9、地方：湖北、河南、江西多个景区、南京全部旅游景点向医务工作者免费开放一年10、天气：寒潮、暴雪、强对流、大雾四预警齐发，极端天气将自北向南影响我国中东部地区。 收起全文d",02月14日 17:04,评论 ,3,
周边微旅行,巴塞罗那大概是强迫症患者最喜欢的城市了 #阳光打卡胜地# #自驾##自驾游攻略#​ ​ via: @旅游收录菌 ​,02月14日 14:01,评论 ,1,
Rainbow兔,#全球同志旅游# 【亲身体验西班牙贝尼多姆LGBT骄傲节】一般来说， 当你想去西班牙旅游的时候， 首先在脑海中跳出的肯定是#马德里# 或者#巴塞罗那# ， 很少人会想去#贝尼多姆# ， 因为这个地方对于国内基友来说实在太过陌生。我先介绍一下贝尼多姆， 贝尼多姆位于西班的东南部的沿海城市， 是距离#帕尔马# 岛最近的地方，这是属于阿利坎特省。所以这里也是一个海滨度假胜地， 而且物价比马德里或者巴塞罗那便宜很多。因其拥有众多的摩天楼和绵长的海岸线，其众多的摩天楼数量在欧洲城市中是非常罕见的现象，因此也有着“西班牙的曼哈顿”和“欧洲的小香港”之称：O网页链接@終南山玉柱洞雲中子 @改变失败的人生 @Charles孙CEO @jiuxi九溪杨筌 收起全文d,02月14日 11:31,评论 1,17,
足行健大区经销商,分享一起去旅游 的@绿洲 动态：巴塞罗那的提比达博山 ins:butnomatter.theroadislifeO绿洲 ​,02月14日 10:51,评论 , ,
日本风月Japan,#旅游#【地中海沿岸最美的10大城市】1.希腊，雅典；2.西班牙，巴塞罗那；3.克罗地亚，杜布罗夫尼克；4.伊斯坦布尔；5.葡萄牙，里斯本；6.意大利，罗马；7.希腊，圣托里尼岛；8.马耳他，瓦莱塔；9.意大利，威尼斯；10.里维埃拉。 ​,02月14日 09:26,评论 , ,
蓝色情怀的爱,"☀☀今日早报🔔🔔2020年2月14日 星期五‌庚子年 【鼠年】 农历 正月廿一🔔时事新闻🎃1、美国：蒙莫斯大学最新民调称美国约67％选民认为特朗普会连任总统。2、媒体：全球移动通信系统协会GSMA宣布取消本届世界移动通信大会(原定于2月24日至27日西班牙巴塞罗那)。3、趋势：OPEC将2020年中国经济增长预期从5.9%下调至5.4%，将全球原油需求增速预期下调19%。4、能源：哈萨克斯坦建议俄罗斯通往中国的西线天然气管道""西伯利亚力量2""经过该国。5、科技：中国科学技术大学潘建伟团队实现50公里远的量子存储器纠缠，超纪录37倍。6、数据：全国各地8866名患者临床数据披露：男性更易感且病死率为女性3倍，基本传染数R0为3.77。7、教育：国家中小学网络云平台2月17日开通，从小学至普通高中主要学科课程资源。8、疫情：湖北十堰市张湾区实施战时管制 所有楼栋封闭管理物资由政府定时定价配送。9、地方：湖北、河南、江西多个景区、南京全部旅游景点向医务工作者免费开放一年。10、天气：寒潮、暴雪、强对流、大雾四预警齐发，极端天气将自北向南影响我国中东部地区。☀☀心语共勉🌙🌙　　无惧困难的人，往往看起来自信满满，脸上挂着一抹暖暖的微笑。他们并非生活上事事如意，只是明白，能击败苦难的永远是乐观与微笑。新的一天，愿你更加自信从容地面对生活，☀🔥每日读诗🌙💦欲买桂花同载酒，终不似，少年游。——刘过《唐多令》想要买上桂花，带着美酒一同去水上泛舟逍遥一番。但却没有了少年时那种豪迈的意气。人到中年，读到这首诗时，有点想哭。美好的一天从自省开始！🌹祝大家快乐！健康！​ 收起全文d",02月14日 09:13,评论 , ,
王清旸,北京的雪这是下上瘾了❄️ ❄️ ❄️ 原本的西班牙情人节之旅泡汤了，@飞行将军 自己一个人飞去了巴塞罗那下个月的京都樱花行也把机票退掉了。疫情过后一定有很多人和我一样打算报复性旅游吧 ​,02月14日 08:58,评论 3,1,
胖桔子111,分享一起去旅游 的@绿洲 动态：巴塞罗那的提比达博山 ins:butnomatter.theroadislifeO绿洲 ​,02月14日 08:53,评论 , ,
AAA股海玄聊-易仙桥公,"早新闻 | 2020年2月14日星期五 在这里，一起读懂世界！1、美国：蒙莫斯大学最新民调称美国约67％选民认为特朗普会连任总统2、媒体：全球移动通信系统协会GSMA宣布取消本届世界移动通信大会(原定于2月24日至27日西班牙巴塞罗那)3、趋势：OPEC将2020年中国经济增长预期从5.9%下调至5.4%，将全球原油需求增速预期下调19%4、能源：哈萨克斯坦建议俄罗斯通往中国的西线天然气管道""西伯利亚力量2""经过该国5、科技：中国科学技术大学潘建伟团队实现50公里远的量子存储器纠缠，超纪录37倍6、数据：全国各地8866名患者临床数据披露：男性更易感且病死率为女性3倍，基本传染数R0为3.777、教育：国家中小学网络云平台2月17日开通，从小学至普通高中主要学科课程资源8、疫情：湖北十堰市张湾区实施战时管制 所有楼栋封闭管理物资由政府定时定价配送9、地方：湖北、河南、江西多个景区、南京全部旅游景点向医务工作者免费开放一年10、天气：寒潮、暴雪、强对流、大雾四预警齐发，极端天气将自北向南影响我国中东部地区。 收起全文d",02月14日 08:23,评论 , ,
燕阵沧州,"燕阵早新闻 | 2020年2月14日星期五 在这里，一起读懂世界！1、美国：蒙莫斯大学最新民调称美国约67％选民认为特朗普会连任总统2、媒体：全球移动通信系统协会GSMA宣布取消本届世界移动通信大会(原定于2月24日至27日西班牙巴塞罗那)3、趋势：OPEC将2020年中国经济增长预期从5.9%下调至5.4%，将全球原油需求增速预期下调19%4、能源：哈萨克斯坦建议俄罗斯通往中国的西线天然气管道""西伯利亚力量2""经过该国5、科技：中国科学技术大学潘建伟团队实现50公里远的量子存储器纠缠，超纪录37倍6、数据：全国各地8866名患者临床数据披露：男性更易感且病死率为女性3倍，基本传染数R0为3.777、教育：国家中小学网络云平台2月17日开通，从小学至普通高中主要学科课程资源8、疫情：湖北十堰市张湾区实施战时管制 所有楼栋封闭管理物资由政府定时定价配送9、地方：湖北、河南、江西多个景区、南京全部旅游景点向医务工作者免费开放一年10、天气：寒潮、暴雪、强对流、大雾四预警齐发，极端天气将自北向南影响我国中东部地区。 收起全文d",02月14日 07:07,评论 ,1,
洛阳排球任忠利,"2020年2月14日星期五 每日读报时间 在这里，一起读懂世界庚子年【鼠年】 正月二十一1、美国：蒙莫斯大学最新民调称美国约67％选民认为特朗普会连任总统2、媒体：全球移动通信系统协会GSMA宣布取消本届世界移动通信大会(原定于2月24日至27日西班牙巴塞罗那)3、趋势：OPEC将2020年中国经济增长预期从5.9%下调至5.4%，将全球原油需求增速预期下调19%4、能源：哈萨克斯坦建议俄罗斯通往中国的西线天然气管道""西伯利亚力量2""经过该国5、科技：中国科学技术大学潘建伟团队实现50公里远的量子存储器纠缠，超纪录37倍6、数据：全国各地8866名患者临床数据披露：男性更易感且病死率为女性3倍，基本传染数R0为3.777、教育：国家中小学网络云平台2月17日开通，从小学至普通高中主要学科课程资源8、疫情：湖北十堰市张湾区实施战时管制 所有楼栋封闭管理物资由政府定时定价配送9、地方：湖北、河南、江西多个景区、南京全部旅游景点向医务工作者免费开放一年10、天气：寒潮、暴雪、强对流、大雾四预警齐发，极端天气将自北向南影响我国中东部地区11、思想简单，儿童就欢乐多多；欲求简单，老人就快乐多多；处世简单，生活就幸福多多。铸就成功的本源是追求和找到事物的本真，深刻思想的本质是从复杂回归到简单。爱因斯坦研究了十年相对论，最终只是一个简单的公式表达了深奥的理论。那些一眼能看清楚事物本质、让回简单的人，和花十年都看不清的人，命运一定是不一样的。 2洛阳 收起全文d",02月14日 06:43,评论 , ,洛阳
广西谢斌,巴塞罗那因其众多历史建筑和文化景点成为众多旅游者的目的地。巴塞罗那素有“伊比利亚半岛的明珠”之称。02mqPdr14。巴塞罗那的夜晚更让人为之神往，只有去过才能体会他的美。 ​,02月14日 03:00,评论 , ,
蓄力的兩栖青年,巴塞罗那旅游专家证书Get✔巴塞罗那是高迪的城市这里可以欣赏独特的建筑艺术这里有地中海最好的城市海滩，气候宜人这里的街头活色生香随心所欲漫步街头，购物，尝美食，美哉！#NTC环球国旅定制旅行体验师# ​,02月13日 23:48,评论 , ,
北欧大妞瑞典代购美妆包包母婴,全世界最大最大的巴塞罗那电信会展取消了，原计划华为和小米要在那里发布新机的。本来各个国家都期盼的中国人春节旅游潮没有了。部分产品因为囤货需要处理换销量了。罗意威的这款包 3288 ​,02月13日 18:12,评论 , ,
这是西班牙,#mwc2020取消# 保守估计巴塞罗那损失要有5亿欧元了，先期2.10号之前到达隔离的各个公司高层这下子都尴尬了，改成旅游吧！由此影响旅游业，酒店业，奢侈品业，餐饮业，航运业，两个方面看问题，中国在世界经济中地位无与伦比，其二，倒霉的事情随时会发生. 2西班牙·巴塞罗那 ​,02月13日 15:41,评论 ,5,西班牙·巴塞罗那
宁MANing,巴塞罗那，一座流动的童话之城。巴塞罗那是加泰罗尼亚的港口城市，是享誉世界的地中海风光旅游目的地和世界著名的历史文化名城，也是西班牙最重要的贸易、工业和金融基地。02zVyCz13。塞罗那气候宜人、风光旖旎、古迹遍布，素有“伊比利亚半岛的明珠”之称，是西班牙最著名的旅游胜地。 ​,02月13日 15:01,评论 , ,
德途商旅,MWC 西班牙世界通讯大会因不可抗因素已确认取消如果有任何问题，请和我司接待工作人员联系，我们将协助您处理相关后续事宜祝大家身体健康，生意兴隆@西班牙国家航空 @西班牙国家旅游局 @西班牙驻华大使馆官方微博 @西班牙驻华使馆教育处 @巴塞罗那足球俱乐部 @加泰罗尼亚旅游官网 @LaLiga西甲联赛 #欧洲##西班牙##巴塞罗那##世界通讯大会##世界移动通信大会##世界移动大会##通讯##5g来了##最新疫情地图# 收起全文d,02月13日 14:36,评论 , ,
海边人农家乐,巴塞罗那因其众多历史建筑和文化景点成为众多旅游者的目的地。02grVRl13。塞罗那素有“伊比利亚半岛的明珠”之称。而巴塞罗那的夜晚更让人为之神往，只有去过才能体会他的美。 ​,02月13日 14:26,评论 , ,
韩晨ALEX,#南欧#西班牙#巴塞罗那#巴塞罗那，是一座由“鬼才”高迪的建筑托起的艺术之城。在安东尼·高迪的作品列表上，几乎囊括了巴塞罗那最经典的所有建筑。而这些建筑中有三分之二都名列世界文化遗产。而最聚代表性的，就是圣家族大教堂了。足球：巴塞罗那足球俱乐部，简称巴萨。球队主场诺坎普球场可容纳接近十万名观众，是全欧洲最大及世界第二大的足球场。@新景界·美好旅行 @新景界旅行 @西班牙国家旅游局 @走遍巴塞罗那 #巴塞罗那# 2深圳 L韩晨ALEX的微博视频 收起全文d,02月13日 12:42,评论 ,1,深圳
女神范的转身後的默落,[推荐] 欧洲最大的菜市场，不仅物美价廉且整洁有序，今成为热...。查看👉👉👉O网页链接位于伊比利亚半岛东北部的西班牙巴塞罗那，仅次于首都马德里的该国第二大城市，巴塞罗那作为地中海沿岸最大的港口城市，不仅是西班牙最重要的贸易、工业和金融基地，还是享誉世界的地中海风光旅游目的地和世界著名的O网页链接 收起全文d,02月13日 10:42,评论 , ,
任语之,原定本月底举行的巴塞罗那世界移动通信大会也因为疫情而宣告取消了，西班牙虽然之前已有两例确诊，但都不在大陆而是在岛上，且都是输入型病例，原本不必恐慌至此的。只是这两年巴展都是中国企业挑大梁，从国内一次要过来好几千人，其它展商可能实在担心，接二连三退出，把大会彻底搅黄了。。唉，不知道说什么。往年每到巴展，巴塞旅馆价格都是十倍起跳，当地人还总嫌大会占用公共资源，非要挑着大会那两天搞搞地铁公交罢工，今年彻底大家都不用闹了。一下子少了5亿欧元经济收入，对本来就因闹加独导致旅游业大受打击的加泰地区来说应该是雪上加霜吧。。今年真是全球都被这某只蝙蝠引发的蝴蝶效应害苦了。。 收起全文d,02月13日 08:51,评论 6,7,
西班牙TORO商务旅游有限公司,西班牙旅游——马德里-巴塞罗那导游_旅游休闲_论坛_天涯社区#360浏览器#O网页链接 ​,02月13日 06:20,评论 ,1,
天津郑子石,#跟着赛事去旅游# 2020巴萨双赛团，西甲联赛、欧冠16强，任意选择！诺坎普朝圣，主场对阵劲旅那不勒斯，训练基地探班，球迷主题狂欢，可口的西班牙美食，畅游巴塞罗那，这样的旅程丰富又精彩。02NdtXp13。冠球票服务包3400元起；联赛球票服务包900元起，团队游10800元起！其他巴萨观赛团同时接受报名，名额有限 ...全文 收起全文d,02月13日 06:03,评论 ,1,
Kalem-Ming,#跟着赛事去旅游# 3月西甲欧冠双赛团，苏牙受伤换帅风波，巴萨艰难时刻更需要球迷的支持！诺坎普球场朝圣，观看欧冠16强赛，对阵那不勒斯；训练基地探班，畅游巴塞罗那，这样的旅程丰富又精彩。02oFpJK13。冠球票服务包3400元起；联赛球票服务包900元起，团队游10800元起！其他巴萨观赛团同时接受报名，名额有限 ...全文 收起全文d,02月13日 06:03,评论 , ,
Es胖妞-西班牙移民房产法律咨询,发布了头条文章：《如何在巴塞罗那用【不到5欧】吃到美食?》 西班牙旅游  O如何在巴塞罗那用【不到5欧】吃到美食? ​,02月13日 05:30,评论 2,1,
上海阿喜,巴塞罗那旅行 和欧洲其他城市不同，  巴塞罗那 的参观重点并不在老城以及传统的文艺复兴或巴洛克建筑风格，而是以现代主义风格为主的建筑风格，从高迪的  巴塞罗那圣家堂   巴特罗之家   米拉之家   巴塞罗那桂尔宫   文森之家 到路易·多梅内克·蒙塔内尔设计的  加泰罗尼亚音乐宫 、  圣十字圣保罗医院 个个都是世界文化遗产。除此以外阿马特耶之家、杰欧·莫雷拉之家都展示了设计师出色的设计能力。  西班牙旅行#欧洲旅游##巴塞罗那旅行# 2西班牙·巴塞罗那 2西班牙·巴塞罗那 2西班牙·巴塞罗那 收起全文d,02月13日 05:18,评论 , ,西班牙·巴塞罗那西班牙·巴塞罗那西班牙·巴塞罗那
上海阿喜,巴塞罗那旅行   加泰罗尼亚音乐宫 兴建于1905年到1908年，现代主义风格，设计者是建筑师路易·多梅内克·蒙塔内尔，它和  圣十字圣保罗医院 一起被列入  世界文化遗产 。业主是1891年创办的加泰罗尼亚合唱团（Orfeó Català），加泰罗尼亚文化运动的领导力量，被称为加泰罗尼亚重生（Renaixença）。  西班牙旅行#欧洲旅游##巴塞罗那旅行# 2西班牙·加泰罗尼亚音乐宫 收起全文d,02月13日 03:28,评论 ,1,西班牙·加泰罗尼亚音乐宫
这是西班牙,#WMC2020# 取消了，还是因为病毒的问题，这下子西班牙政府，巴塞罗那人民损失大了，酒店，租车，旅游行业.这下子尴尬了！ 2西班牙·巴塞罗那 ​,02月13日 03:16,评论 4, ,西班牙·巴塞罗那
鹿不羁朱丹13,#家是最好的旅游地#云旅行✈️巴塞罗那 圣家族大教堂，是巴塞罗那的地标建筑，是一座罗马天主教大型教堂，高迪设计的代表作之一。02bkWzw13。堂顶上的施工高架一直搭着，很显然这又是一个未完工的教堂，不过它可是世界上唯一一个未完工就被列为世界遗产的建筑哦，很厉害！据说2026年才会完工，到时候会成为世界 ...全文 收起全文d,02月13日 01:00,评论 , ,
想当馆长,旅游｜巴塞罗那的街灯 ​,02月11日 01:24,评论 1,3,
LandscapeVision,今日关键词“建筑设计·西班牙巴特罗之家”，这是第386条。巴特罗之家（Casa Batlló）由西班牙自然主义天才设计师安东尼·高迪于1904 年至 1906 年间设计并建造完成。巴特罗之家以其奇幻的造型，丰富的色彩，成为高迪所有建筑中最为梦幻的作品。2005 年 7 月，巴特罗之家被联合国教科文组织列入世界文化遗产名录。巴特罗之家位于格拉西亚大街43号。二十世纪初，巴塞罗那富有的新兴资产阶级富豪们都会选择这条大道作为炫耀他们地位和财富的理想地点，在这里兴建了许多非常吸引眼球的巴塞罗那现代主义标志性的建筑物。由于巴特罗之家独特的外墙造型和有趣的色彩，其外墙成为来巴塞罗那旅游的必到打卡景点。为美好的设计飞得更远，点个赞吧！ ​​ ​​​ 收起全文d,02月10日 23:31,评论 2,5,
晚熟Gill,小巴塞罗那海滩边的歌声🎵#巴塞罗那旅行#  L晚熟Gill的微博视频 2西班牙·巴塞罗那 ​,02月10日 20:47,评论 ,1,西班牙·巴塞罗那
Esperanza爱喝白桃乌龙,#西班牙旅游##巴塞罗那#巴塞罗那 总会相逢的，就像山川河流，就像万河归海。🌊 2西班牙·巴塞罗那 L甜味的WuYaHan的微博视频 ​,02月10日 14:55,评论 ,10,西班牙·巴塞罗那
Metalheadjj,转发微博,02月10日 09:01,评论 , ,
小威挣钱计2,想出去玩，想出去旅游,02月10日 02:22,评论 , ,
驻足听物语,巴塞罗那治好了我的强迫症🙊 ​#旅游# ​,02月10日 09:24,评论 2, ,
设计勿语,西班牙巴塞罗那大学旅游与酒店管理学院新标志动画演示 | 官网O网页链接 + 设计公司O网页链接 | #品牌资讯# L设计勿语的微博视频 ​,02月10日 09:01,评论 , ,
设计勿语,西班牙巴塞罗那大学旅游与酒店管理学院启用新标志 | 官网O网页链接 + 设计公司O网页链接 | #品牌资讯# CETT - 巴塞罗那大学旅游与酒店管理学院，一所专门从事旅游、酒店和美食职业素养培训的院校，直属于巴塞罗那大学，提供不同级别的专业培训，本科，硕士和继续教育。该学院成立于1969年，1997年开始和巴萨罗那大学合作办学，2007年被批准可以授予旅游，酒店管理和美食的官方硕士，2009年开办旅游本科，2014年开办美食烹饪科学本科，2016年和巴萨罗那大学签订促进旅游博士发展的协议，现成为巴塞罗那大学旅游学院，承担巴塞罗那大学的旅游教学任务。 收起全文d,02月10日 09:00,评论 , ,
上海阿喜,巴塞罗那旅行 巴尔梅西亚纳Palau de la Balmesiana 是巴尔梅西亚纳基金会和宗教基金会的所在地，建造时期为1919年与1923年以及1928年与1940年两时期，建筑在哥特式风格上加上了现在主义元素。建筑由卢比奥·伊·贝尔维尔设计，他是高迪的好友，因此设计元素上保留了大量的自然元素。其中最漂亮的要数祈祷室，它受到贝尼尼巴洛克祭坛风格的充分影响，再加上彩绘吊灯和七盏彩灯的渲染，充分显示了其神圣的感觉。  西班牙旅行#欧洲旅游##巴塞罗那旅行# 2西班牙·巴塞罗那 收起全文d,02月10日 06:48,评论 1,1,西班牙·巴塞罗那
掌上春城小白龙,巴塞罗那——那梦幻般的建筑！巴塞罗那气候宜人、风光旖旎、古迹遍布，素有“伊比利亚半岛的明珠”之称，是西班牙最著名的旅游胜地。 88b5 ​,02月10日 06:15,评论 , ,
环球的丹丹,#带着微博去旅行##大咖对对碰# 有人说巴塞罗那是高迪之城，我眼中的巴塞罗那是多面的。前后来过很多次，却每次都爱。这里有建筑、有沙滩、有阳光、有美食。 2北京 L环球的丹丹的微博视频 ​,02月10日 02:22,评论 93,127,北京
方便面慈善基金会,"后续：紧急寻找！与Mallorca海岛确诊病例有过接触的同航班及相关人员！华人同胞相互告知！西班牙🇪🇸 Toro商务旅游私人订制俱乐部据早晨发布的消息, Mallorca海岛确诊一名新冠病毒感染病例。对此西班牙卫生部召开了新闻发布会通报相关信息, 并积极寻找与该名感染者有过接触的同航班及所有相关人员。居住在海岛Mallorca的一家四口英国人1月25号至1月29号之间其父亲在法国滑雪站与一名新冠病毒感染确诊病例有过接触被感染，并在24-48小时内出现了轻微的呼吸发热症状。1月29号一家人从Ginebra机场出发, 经巴塞罗那机场转机抵达Palma机场。2月1号呼吸发烧症状情况持续。2月7号在得到其法国朋友确诊消息及其七岁女儿也出现发烧症状后立即通知了西班牙当局并紧急前往医院。2月9号其父亲被确诊为新冠病毒感染者，他女儿被诊断为患有B型流感。医生表示流感和新型冠状病毒同时存在的可能性还是比较低的，可是由于对这个病毒信息并不完全了解，也不能确认不会与流感共存。其他家庭成员病毒检测为阴性，也无任何其他症状。目前确诊病例在医院已经没有任何症状, 身体状况良好, 传染的风险已经降到了最低！其家人虽然检测结果为阴性, 但是仍不排除是否在潜伏期的可能性。医院方面还表示，这位病患感染力还是比较低的，因为在他身上发现的病毒携带量比较少, 而且在后期也没有发现更严重的病状。现在这位病患将继续留院观察直到病毒完全清除。他的家人也在等检测结果出来后回家。根据其行程路线, 西班牙部门已经在积极寻找与其一家人同航班的前排和后排座位的乘客以及有过相关接触的人员。同时也表示该名病例携带病毒数量很低, 并不会增加西班牙新冠病毒感染风险， 请大家不要惊慌！同时也希望在Mallorca海岛的华人同胞注意防范措施, 若是有与其一家人同乘坐过相关航班的华人尽快联系当地卫生部门。更多详细内容请关注我们官方公众号, 实时为大家更新！再三提醒：正值节假期返程高峰期, 近期从中国返回西班牙的中国侨胞一定要在家自我隔离14天，千万不能有自我良好的感觉就四处走动。不要外出不要聚会，不要去人群密集的场所。如果有任何生活上的需求或不便之处, 现在各大华人华侨协会, 商会以及华人商家已经提供了很多帮助可以随时联系。如果出现发烧，呼 2西班牙 收起全文d",02月10日 00:39,评论 ,1,西班牙
环球旅行推荐,#环球旅行推荐##热门旅游# 巴塞罗那的傍晚阳光 ​,02月10日 00:34,评论 , ,
西班牙及欧洲旅游管家,跟着蒨儿姐西班牙深度游之巴塞罗那海滨#西班牙旅游##欧洲旅游##带着微博去旅行# 2西班牙·奥林匹克港 L西班牙及欧洲旅游管家的微博视频 ​,02月09日 23:47,评论 , ,西班牙·奥林匹克港
付大多,圣家堂Sagrada Família ❤️🧡💛💚💙💜琉璃窗和光影交错的时候。。。。你拍你也美。。。#西班牙旅游##巴塞罗那旅游##圣家堂#  ​​​ 2西班牙·圣家大教堂 ​,02月09日 22:48,评论 ,3,西班牙·圣家大教堂
巴塞罗那的燕子,巴塞罗那圣家族大教堂 2西班牙·巴塞罗那 L巴塞罗那的燕子的微博视频 ​,02月09日 21:56,评论 , ,西班牙·巴塞罗那
上海阿喜,巴塞罗那旅行   古埃尔宫 是青年高迪从乌塞比·桂尔处接到的第一个大型委托，后者是政治家和工业家，后来也是高迪的好朋友。本楼建于1886到1890年间。宫殿拱门间以铁艺铸造的古埃尔家族徽章气派非凡。中央大厅的抛物线拱顶设计别具匠心，拱顶和立柱明显受到阿罕布拉宫的影响。花样各异的烟囱是其后高迪设计的众多大胆的烟囱造型的始祖。高迪所热爱的碎瓷拼贴法也是在这里首次大规模运用。楼梯的曲线蜿蜒环绕在各个楼层。对墙砖的巧妙运用产生了意想不到的表现力，使得马厩成为一件标新立异的杰作。  西班牙旅行#欧洲旅游##世界文化遗产##巴塞罗那旅行# 2西班牙·古埃尔宫 收起全文d,02月09日 20:52,评论 , ,西班牙·古埃尔宫
虾兵蟹将闹夜市,葡萄酒制作方法，完整篇！！L笑大侠的微博视频 #首尔旅游攻略##巴塞罗那旅行# ​,02月09日 20:43,评论 1,1,
清水岩2015,//@艺术设计学堂:回复@研究生初试第一名:巴塞罗那的主要经济收入来自旅游业，而旅游业的主要景区绝大多数都是高迪的作品//@研究生初试第一名:我的高迪啊，,2019年12月29日 23:22,评论 , ,
宇轩yoyo丷,里斯本是个好地方，不是小好，是大好！相比已经快被游客挤爆的巴塞罗那和马德里，同在南欧、同为古城的里斯本更有生活气息。#旅游# ​,02月09日 17:51,评论 , ,
夏开伟易经居家风水,【12星座浪漫旅游城市】白羊:森林湖泊-柏林，金牛:色的盛宴-阿姆斯特丹，双子:腐败单纯-摩纳哥，巨蟹:多瑙河明珠-布达佩斯，狮子:浪漫高贵--巴黎，处女:高洁-赫尔辛基，天秤:音乐-维也纳，天蝎:七丘之城-罗马，射手:浪迹-巴塞罗那，魔羯：古朴理性-伦敦，水瓶：深巷-塞维利亚，双鱼：花样浪漫-普罗旺司 ​,02月09日 14:59,评论 , ,
塔罗牌占卜阿伟,【12星座浪漫旅游城市】白羊:森林湖泊-柏林，金牛:色的盛宴-阿姆斯特丹，双子:腐败单纯-摩纳哥，巨蟹:多瑙河明珠-布达佩斯，狮子:浪漫高贵--巴黎，处女:高洁-赫尔辛基，天秤:音乐-维也纳，天蝎:七丘之城-罗马，射手:浪迹-巴塞罗那，魔羯：古朴理性-伦敦，水瓶：深巷-塞维利亚，双鱼：花样浪漫-普罗旺司 ​,02月09日 14:59,评论 , ,
夏开伟风水,【12星座浪漫旅游城市】白羊:森林湖泊-柏林，金牛:色的盛宴-阿姆斯特丹，双子:腐败单纯-摩纳哥，巨蟹:多瑙河明珠-布达佩斯，狮子:浪漫高贵--巴黎，处女:高洁-赫尔辛基，天秤:音乐-维也纳，天蝎:七丘之城-罗马，射手:浪迹-巴塞罗那，魔羯：古朴理性-伦敦，水瓶：深巷-塞维利亚，双鱼：花样浪漫-普罗旺司 ​,02月09日 14:56,评论 , ,
夏开伟易经风水,【12星座浪漫旅游城市】白羊:森林湖泊-柏林，金牛:色的盛宴-阿姆斯特丹，双子:腐败单纯-摩纳哥，巨蟹:多瑙河明珠-布达佩斯，狮子:浪漫高贵--巴黎，处女:高洁-赫尔辛基，天秤:音乐-维也纳，天蝎:七丘之城-罗马，射手:浪迹-巴塞罗那，魔羯：古朴理性-伦敦，水瓶：深巷-塞维利亚，双鱼：花样浪漫-普罗旺司 ​,02月09日 14:55,评论 , ,
四叔十一,【12星座浪漫旅游城市】白羊:森林湖泊-柏林，金牛:色的盛宴-阿姆斯特丹，双子:腐败单纯-摩纳哥，巨蟹:多瑙河明珠-布达佩斯，狮子:浪漫高贵--巴黎，处女:高洁-赫尔辛基，天秤:音乐-维也纳，天蝎:七丘之城-罗马，射手:浪迹-巴塞罗那，魔羯：古朴理性-伦敦，水瓶：深巷-塞维利亚，双鱼：花样浪漫-普罗旺司 ​,02月09日 14:53,评论 ,1,
iam肥肥羊,#家是最好的旅游地#寡姐电影合集✨这神仙颜值真实存在的吗💞 一口气补完漫威复联‼️每次看到寡姐都要吹爆她的颜上帝太偏心了💫赶紧奉上影单✨1️⃣戴珍珠耳环的少女2️⃣迷失东京3️⃣幽灵世界4️⃣浪子保镖5️⃣马语者6️⃣另一个波琳家的女孩7️⃣赛末点8️⃣痴男怨女9️⃣黑色大理花🔟午夜巴塞罗那1️⃣1️⃣他其实没那么喜欢你1️⃣2️⃣逃出克隆岛1️⃣3️⃣超体马住影单一起来看仙女叭嘻嘻💫‼️#春节摄影大赛# O绿洲 收起全文d,02月09日 12:09,评论 ,1,
上海阿喜,巴塞罗那旅行   巴特罗之家 是  巴塞罗那 最著名的景点之一，也是高迪成熟的建筑代表之一。他将曲线波浪等自然元素充分融入到他的作品中。但夜游巴特罗之家完全感受不同，没有了阳光的照射，原来的表达主题发生了变化，通过灯光的打造，大海与鱼骨的主题更加凸显；贝壳的拼装也更加多彩；烟囱的蜥蜴也更加的神秘。参观时还有起泡酒赠送，大家慢慢享受吧。  西班牙旅行#欧洲旅游##巴塞罗那旅行# 2西班牙·Casa Batlló 收起全文d,02月09日 08:06,评论 , ,西班牙·Casa Batlló
上海阿喜,巴塞罗那旅行 巴塞罗那市政厅开放日，工作人员穿上巴洛克服装表演一段。西班牙旅行#欧洲旅游# 2西班牙·巴塞罗那 L上海阿喜的微博视频 ​,02月09日 07:07,评论 , ,西班牙·巴塞罗那
YH-L热爱旅游生活,西班牙节日记录:巴塞罗那格拉西亚地区，不但充满现代、时尚的气息，而且未因此丢失它的灵魂与传统。自19世纪以来，传统节日格拉西亚节每年都会给当地带去欢乐和惊喜。这一天是格拉西亚的圣巴托梅乌主保圣人日。庆典中的游行活动是不容错过的精彩项目，在游行队伍里您将看到巨人（gegants）、龙（dracs）、大头形象（capgrossos）以及其它许多别出心裁、五彩缤纷的游行表演。表演者们用自己的手工工艺展现他们的想象力，为观众呈现一台精彩绝伦的演出。创作通常需要花费好几个月的时间。各种创意形象穿着华丽的服装穿梭在格拉西亚的街头巷尾，身边围绕着热情的当地居民和游客。格拉西亚地区的大街小巷在居民们的努力下焕然一新，展现全新的面貌。格拉西亚节的的高潮无疑是叠人塔（Castellers）表演。想象一下以人肉之躯叠到几层楼高，真叫人头晕目眩！仅仅是旁观叠人塔的过程都是一次难忘的体验，参与者不仅要身强力壮还要身手敏捷。叠人塔的意义就在于团体中的每一个人都不可或缺，离开团体又独木难支。 LYH-L热爱旅游生活的微博视频 收起全文d,02月09日 07:02,评论 ,2,
上海阿喜,巴塞罗那旅行   巴塞罗那皇家科学与艺术学院 有两百多年历史，目前的建筑底楼是剧院。参观部分包括机械钟厅、音乐厅、院长室和会议厅。会议厅曾经是爱因斯坦做演讲的地方，至今还有演讲稿费记录。参观有中文语音导览。  巴塞罗那旅行#欧洲旅游##巴塞罗那旅行# 2西班牙·巴塞罗那 ​,02月09日 06:58,评论 , ,西班牙·巴塞罗那
上海阿喜,巴塞罗那旅行   巴塞罗那 的加泰罗尼亚皇家药学院与  加泰罗尼亚皇家医学院 一同坐落在原来的医院旧址，药学院原来是医院的药房位于医院回廊，1417的医院药房成了当时欧洲最古老的药房。目前作为皇家药学院，还保留着当时的装药的器皿和递药的窗口。西班牙旅行#欧洲旅游##巴塞罗那旅行# 2西班牙·巴塞罗那 收起全文d,02月09日 06:38,评论 , ,西班牙·巴塞罗那
上海阿喜,西班牙旅行   文森之家 也是高迪的作品之一，也属于  巴塞罗那   世界文化遗产 之一。由于在2017年底重新对外开放，因此知名度相当低。这可以说是高迪最早期的成熟的作品，是为当时的瓷砖商Manuel Vicens 设计的避暑山庄。建筑是典型的新摩尔风格，和加泰罗尼亚建筑风格有着明显的不同，外部特别立体色彩分明，充分接受了东方庭院风格的影响。内部则已瓷砖以及一贯的自然元素为装饰。内部比较好看的包括阿拉伯风格的吸烟厅、东方风格的露台、古典风格的餐厅和现代风格的浴室🛀。#欧洲旅游##巴塞罗那旅行##世界文化遗产# 2西班牙·巴塞罗那 收起全文d,02月09日 04:20,评论 ,2,西班牙·巴塞罗那
纯佑beebz,每次看bon voyage 都好想去同款旅游这次寒假可惜了 没选年前的航班 俄罗斯今年还暖冬 太适合去看极光了暑假一定要抓住机会冲！巴塞罗那荷兰纽约随便一个都行 ​,02月09日 02:19,评论 1,2,
西班牙不是斗牛城,"众志成城！中国加油！武汉加油！#武汉加油,中国加油##巴塞罗那导游##巴塞罗那旅游##玩遍西班牙# ​",02月09日 00:21,评论 ,4,
比吉巴塞罗那,根据中国经济文化的飞速发展，中国人的生活质量和精神水平得到了质的提高， 杨帆海外，开拓眼界！比吉巴塞罗那圆您梦想帮助您，踏出成功的第一步。有感兴趣西班牙/欧洲留学、工作、旅游的人请联系登记咨询比吉巴塞罗那/183855047460 方老师 2黔南布依族苗族自治州·都匀 ​,02月08日 22:53,评论 , ,黔南布依族苗族自治州·都匀
且饮杯中月,分享一起去旅游 的@绿洲 动态：巴塞罗那的提比达博山 ins:butnomatter.theroadislifeO绿洲 ​,02月08日 22:23,评论 ,1,
南瓜灯的小世界,我发现了一篇关于【欧洲】的#马蜂窝游记#----《从都灵雪山，穿过巴黎的雨，看见了巴塞罗那阳光》，1人【喜欢】。 （分享自 @马蜂窝旅游） O网页链接 ​,02月08日 20:13,评论 ,1,
享梦游-洋洋,旅游体验师#值得去##爱上这座城# 巴塞罗那 - 滨海托萨小镇 挺好美的淡季基本没人，推荐这个时候去最合适 ​,02月08日 20:02,评论 , ,
木_目WooderGallery,西班牙：巴塞罗那#摄影##随手拍##带着微博去旅行##每日一图##旅游##遇见美好##手机摄影##旅行摄影##旅行##值得去#摄影旅行每日一图旅行摄影摄影遇见美好#世界旅游##西班牙##巴塞罗那# ​,02月08日 19:44,评论 , ,
Rockroooxy思安,少女的征途是星辰🌠 大海🌏，而非烟尘人间🌫️#点亮心愿 岁岁平安##带着微博去旅行##全球旅行攻略##自由行##欧洲旅行##爱上这座城##蓝色大海的传说#2西班牙·巴塞罗那 @西班牙国家旅游局 ​,02月08日 19:42,评论 3,5,西班牙·巴塞罗那
AnnieLDV,#元宵节# 宅在家不给疫情添乱。回顾旅行片段，期待“雨过天晴”为世界美景再次踏上征程#旅行##旅拍##巴塞罗那##圣家堂# 最佳观赏露台 2上海 LAnnieLDV的微博视频 ​,02月08日 13:35,评论 ,3,上海
备降伯明翰,阿根廷🇦🇷：埃尔卡拉法特的莫雷诺冰川巴西🇧🇷：里约的耶稣山法国🇫🇷：巴黎的塞纳河葡萄牙🇵🇹：罗卡角西班牙🇪🇸：巴塞罗那的圣家堂菲律宾🇵🇭：马尼拉王城……@菲律宾国家旅游局 O世界各国中哪一个景点最吸引你呢？ ​,02月08日 10:53,评论 1, ,
青靛紫CC,𝗩𝗹𝗼𝗴第五期：𝗦𝗽𝗮𝗶𝗻🎵：落日飞车《𝗩𝗮𝗻𝗶𝗹𝗹𝗮》西班牙去了马德里和巴塞罗那，所以这一期长了一些。（下一次尝试加加动画。） L青靛紫CC的微博视频 ​,02月08日 06:48,评论 ,15,
石子是石子,时隔一个多月才把两个伙夫欧洲旅行片段剪辑好@脑浆喷墙 我想念有你的巴塞罗那海滩 L石子是石子啦的微博视频 ​,02月08日 02:55,评论 13,21,
ChongSan沖先生,輕鬆一下『沖』入歐洲之帶你遊巴塞—第二集繼續遊巴塞羅那，尋找名建築師高迪的生平和故居；坐觀光巴看他的幾件偉大作品，繼續吃盡巴塞羅那！驴友 #驴友# #带着微博去旅行# #西班牙# #巴塞罗那# 西班牙 #买# #购物# #海鲜# 海鲜 #自由行# #自由行攻略# #攻略# #旅游# #旅行# LChongSan沖先生的微博视频 收起全文d,02月07日 17:33,评论 36,334,
十三月zw,没得出门就整理一下旅游好吃的照片#巴塞罗那美食#2西班牙·Restaurante la Fonda ​,02月07日 16:38,评论 2,2,西班牙·Restaurante la Fonda
梅松间之照,里斯本是个好地方，不是小好，是大好！相比已经快被游客挤爆的巴塞罗那和马德里，同在南欧、同为古城的里斯本更有生活气息。#旅游# ​,02月07日 13:45,评论 , ,
东铁军,西班牙著名建筑大师安东尼奥、高迪的作品“圣家族堂”⛪️，它是世界上富有神奇色彩的建筑之一，也是巴塞罗那宏伟建筑和著名旅游圣地。图一至六。桂尔公园是富商特尔先生出资请高迪设计建筑。 ​,02月06日 22:23,评论 ,1,
趣欧洲西葡行,#带着微博去旅行##欧洲旅游##西班牙旅行# 趣欧洲西葡行 巴塞罗那导游足迹👣之波盖利亚市场：（Mercat de la Boqueria）是巴塞罗那最古老、最地道的食品市场，这里既是当地美食家们的天堂，也挤满了挎着相机的观光客。@西班牙葡萄牙旅游中文导游地接 #巴塞罗那旅行# 2西班牙·波盖利亚市场 ​,02月06日 21:13,评论 ,1,西班牙·波盖利亚市场
樱桃仙仙子,@汉莎航空 投诉！之前通过贵航司预定的瑞士航空的联程机票（2/6 巴塞罗那-瑞士 LX1957 2/6 瑞士-香港 LX138 2/8 香港-上海）我们在欧洲旅行期间于2月3日与贵航司客服联系确认从瑞士飞往香港的航线LX138是否仍然飞行，客服答复航线已经取消，而且我们反复与这位客服juju确认，回复皆如此。而且，全 程没有意思要帮我们改航班帮我们回上海，只说可以给我们办退票，这种不负责任的态度让人心凉！我们一行6大2小只能牺牲旅途时间再而预定其他航线飞回上海。之后又获悉汉莎官网还能继续预定同一时间从瑞士-香港的LX138航班，遂又问了贵航司客服，这次换了客服回复说刚才的客服搞错航班，我们询问的航班并没有取消。这么重要的信息你们客服人员都能搞错，为了能回家，我们花了重金重新订了其他航线。原本不需要再重新订机票，不仅是浪费了金钱，也破坏了外出旅游的兴致！要求汉莎航空给说法！@汉莎航空 2西班牙·巴塞罗那 收起全文d,02月06日 20:53,评论 1,2,西班牙·巴塞罗那
Bagit八宝平台,旅游出不了门Bagit也能带你看世界#巴塞罗那# 一个治好强迫症的ciudad大家再坚持一下#带着微博去旅行##Bagit八宝平台##坚持两周把病毒闷死# ​,02月06日 20:20,评论 1, ,
飘渺的游侠,西班牙巴塞罗那，高迪建筑之巴特罗之家。在寒冷的狂风夜雨中驻足欣赏，雨伞被吹翻三次… 那个阳台怎么有点像骷髅呢？怕怕！旅行#带着微博去旅行#旅游 L飘渺的游侠的微博视频 ​,02月06日 17:54,评论 ,2,
咿呀贝拉·Bella,西班牙巴塞罗那 | 百年建筑圣家族大教堂信仰的美学力量令人震撼。 ​​​​不能旅游看看照片吧。 ​,02月06日 17:50,评论 ,1,
木_目WooderGallery,西班牙·巴塞罗那：高第的作品在西班牙随处可见，桂尔公园是另一个不得不提的高第作品，以其五颜六色的瓷砖拼凑风格著名，不过，桂尔其实本来是个房屋设计项目，后来失败了，无法完成下才改建成城市公园的。。。#摄影# #随手拍# #带着微博去旅行# #每日一图# #旅游# #遇见美好# #手机摄影# #旅行摄影# #旅行# #值得去# 摄影 旅行 每日一图 旅行摄影 摄影 遇见美好 #世界旅游# #西班牙# 西班牙 #巴塞罗那# 巴塞罗那 收起全文d,02月06日 13:10,评论 , ,
老张评论,#西行乱记# 第四天  今天从巴塞罗那做火车去格拉纳达。主要是看弗拉明戈和阿尔罕布拉宫。六个小时火车。车票是8天的通票。三个人8000多元RMB。中间转车多。比国内贵、慢。大多数旅游者都是坐大巴，灵活和省钱。但是人太辛苦。虽然我们尽量让自由行更充足和方便，但跑一天身体还是有疲劳感。 2西班牙·巴塞罗那 收起全文d,02月06日 12:35,评论 10,10,西班牙·巴塞罗那
_CHEER,关于西班牙巴塞罗那 地下铁 海边 的那些小记忆。 L_CHEER的微博视频 ​,02月06日 10:18,评论 , ,
四面光,从巴塞罗那领事馆回到酒店有5公里，打的士太贵。我们俩在巴士总站坐专巴往市区靠拢，2欧元/位，省了很多线。不识路，拿出酒店门卡问司机，司机指了个大概方向，0k…四面光摄 L四面光的微博视频 ​,02月06日 07:31,评论 1,2,
晓一1993,#家是最好的旅游地#图形11（西班牙） 1、这个国家有举世震惊的足球2、巴塞罗那队欧洲劲旅3、我不会踢。可我还是足球迷啊！4、伟大的世界杯开赛俺可场场不剌的。5、那叫个爽歪歪……刺激哈6、1、球底传中、2、帽子戏法、3、禁区倒扣、4、多了去了。。。唉……人家西方国家的专利的#春节摄影大赛# O绿洲 收起全文d,02月06日 07:29,评论 , ,
西班牙TORO旅游,"欧浪网】担心传染 韩国LG沮丧退出巴塞罗那世界移动通信展西班牙Toro商务旅游私人订制微信号xby095欧浪新闻2月5日（马德里 柳传毅编译） 西班牙《世界报》报道说，受新型冠状病毒影响，预备在本月下旬在巴塞罗那举行的全球移动通信大会（Mobile World Congress-简称MWC）遭遇首个缺席者，韩国LG公司宣布取消参与本届会展。同时有消息说，中国中兴ZTE公司也取消了参展。消息确实吗？自称沮丧的韩国LG宣布退出LG向《世界报》证实说：“为了确保员工、合作伙伴和客户的安全与健康，LG决定取消其在MWC的参展和参与”，“这是令人沮丧的，但我们必须谨慎”，“这个决定完全消除了LG雇员在国际旅行中接触病毒的风险，随着病毒在继续传播，LG活动受到越来越严格限制”（""Anteponiendo la seguridad y la salud de sus empleados, socios y clientes, LG ha decidido cancelar su exposición y participación en el MWC""，""Es frustrante, pero tenemos que ser prudentes"",""Esta decisión elimina por completo el riesgo de exponer a los empleados de LG al virus en viajes internacionales, actividad que se ha vuelto mucho más restrictiva en LG a medida que el virus continúa propagándose""）。《世界报》说，这是在新冠病毒疫情阴影下，全球最新手机盛会遭遇第一个缺席者。LG并要求公众理解和向消费者多年来的支持表示了感谢，LG称将自行组织两个展会作为补偿。《世界报》说，全球智能手机五强为苹果、三星和来自中国的华为、小米和Oppo。这是暗示LG的缺席影响不大。但西班牙《先锋报》说，一道退出的还有来自中国的中兴公司。中兴辟谣：“按原计划亮相MWC”《世界报》说，就在这个周三，有不实消息说，中国中兴公司向一家美国媒体透露说中兴也跟随LG步伐取消了参展，但中兴今日澄清说这 收起全文d",02月06日 04:18,评论 , ,
换个地方喝开水,这才是午夜的巴塞罗那 𝐕𝐋𝐎𝐆 𝟎𝟑𝟗巴塞罗那真是一个让一切奇怪的东西理所当然的城市。地铁里贩售“振动🤫”，电动平衡车比国内还要流行……最重要的是，在巴塞罗那看《午夜巴塞罗那》真的很神奇。VLOG 2西班牙·巴塞罗那 午夜巴塞罗那 #巴塞罗那旅行# #圣家堂#   L换个地方喝开水的微博视频 收起全文d,02月05日 23:19,评论 ,3,西班牙·巴塞罗那
凃志初,#BRAND NEW# | 661 | 巴塞罗那大学CETT旅游学院品牌形象升级by Mucho@靳叔_靳埭强@韩湛宁@肖勇设计@顾鹏GUPENG@设计老铁@设计搜索@标识控@品牌设计研究中心​​​ ​​​​,02月05日 22:55,评论 1,9,
敏Angeline,易烊千玺#易烊千玺2020前路遂心与你同行##易烊千玺热血同行艳势番# 【工作室200万福利之#玺游#】跟随千玺的脚步一起行走巴塞罗那已经数不清你说了多少次，自己的愿望是一个人出去旅游。希望愿望早日实现吧@TFBOYS-易烊千玺   L易烊千玺JacksonYee工作室的秒拍视频 ​,02月05日 20:45,评论 24,3,
鱼的生活也有爱,巴塞罗那因其众多历史建筑和文化景点成为众多旅游者的目的地。02BIyaR05。塞罗那素有“伊比利亚半岛的明珠”之称。而巴塞罗那的夜晚更让人为之神往，只有去过才能体会他的美。 ​,02月05日 16:20,评论 , ,
老张评论,回复@迷龙Milo:在巴塞罗那，我老婆大概有5-6个朋友。有个认识了十几年的外教，现在退休回国。昨天陪我们一天。我是十几天在西班牙的休闲游。深入当地人的生活。比跟团旅游真实。//@迷龙Milo:张总 随身带媳妇翻译，令人羡煞的旅行。,02月05日 15:02,评论 3,14,
学渣如日中天楼,#易烊千玺2020前路遂心与你同行##易烊千玺朋友请听好# @TFBOYS-易烊千玺 有新粉没看过这个视频吗易烊千玺巴塞罗那游记，旅游的小千超级可爱，看完没有不喜欢他的L易烊千玺JacksonYee工作室的秒拍视频 一心一意易烊千玺 ​,02月05日 13:41,评论 , ,
浩野户外旅行,巴塞罗那~~那些有生命的建筑~~！ #旅游##不止旅行##带着微博去旅行# ​,02月05日 13:23,评论 6,10,
小兮带你游世界,巴塞罗那大概是强迫症患者最喜欢的城市了吧！#巴塞罗旅游##巴塞罗旅行# ​,02月05日 12:06,评论 3,2,
雪熙喵Catherine,闪现巴塞罗那～#旅游##西班牙##巴塞罗那旅行# 2西班牙·巴塞罗那国际机场 ​,02月04日 21:38,评论 2,3,西班牙·巴塞罗那国际机场
小小的午后,今天是立春，情绪有点低落。看到肺炎新闻各种负面消息，还有家人群里的各种负面情绪影响，还有个客户发消息和我说：小小，我可能回不去上海了。这样一句话没有带任何表情，隔着屏幕我感觉出他的沮丧和灰心，我安慰他说很快有新药和疫苗出来天气热了就一切都好了，他说我想的太简单了，然后就沉默了。是啊，因为一开始想的太简单了所以才变成了那么严重的后果，所以光有乐观的心没有用，这对乐观的我来说是个打击。以后该怎么样改变，该怎么对待生活，该怎么教育孩子，该怎样克服工作的困难，这些问题让我今天都不能变得轻松。一遍遍地刷着朋友圈，看到一个摄影一直很厉害的朋友在巴塞罗那旅游，想起我妹妹和我说，可能暂时给我不了我邀请函，对啊我今年计划的澳洲行是不是就此泡汤了？好像没有值得开心的事，借用朋友在西班牙的照片饱饱眼福，我何时还能去看世界呢？还有我的项目何时可以开工？希望中国的春天早点来吧！加油💪 收起全文d,02月04日 21:38,评论 1, ,
逆光纪,今天在家读欧洲航海大发现这段历史。因为知道地球是圆的所以哥伦布执意西行寻找印度，却计算错了地球周长而误以为加勒比海上群岛就是日本 - 小时候还以为他是因为没有罗盘所以南辕北辙。虽然没有给西班牙带来渴望已久的东方香料，却促成西班牙发现美洲的阿兹克特与印加帝国，获得大量黄金与矿藏，对美洲原住文明造成毁灭性打击，开启美洲殖民时代。航海知识更先进的葡萄牙人对哥伦布声称到达印度一直表示怀疑，达伽马沿着西非海岸绕过好望角最终到达真正的印度。抛开对土著人的奴役和杀戮不谈，那确实是人类文明史上最伟大的冒险时代。航海家们永远改变了未来世界格局，每次走到和这段历史有关的地方都心潮澎湃万分激动。如果我可以挑选一个能穿越回古代做的事情，一定会与航海家们一起扬帆远航，虽然我可能会晕死在船上。1 葡萄牙里斯本的航海大发现纪念碑。葡萄牙人就是从这里开始了伟大的远航。据说第二个人是达伽马，哥伦布在第四位。2-3 巴塞罗那的哥伦布纪念碑，哥伦布手指印度方向。我的表情很迷4-5 哥伦布的灵柩以及所在地 - 西班牙塞维利亚主教堂6-7 印度科钦，达伽马曾经下葬的教堂8-9 我在南非好望角 逆光纪#西班牙旅行##南非旅行# @新浪旅游 2西班牙·哥伦布纪念塔 收起全文d,02月04日 21:34,评论 32,369,西班牙·哥伦布纪念塔
吃饭啦-莹莹子,#家是最好的旅游地#西班牙葡萄牙旅行攻略|必吃必打卡地 此次西葡之旅由北向南共经过了14个城市👇🏻👇🏻👇🏻巴塞罗那-锡切斯-瓦伦西亚-昆卡-马德里-托莱多-科尔多瓦-格拉纳达-米哈斯-龙达-塞维利亚-辛特拉-罗卡角-里斯本💋💋💋虽然一路领略了阿拉伯风情、历史古迹、欧洲风味，但确实感觉劳累😞下面给大家总结几个西葡必去打卡游玩的城市❤️❤️❤️1️⃣巴塞罗那2️⃣塞维利亚3️⃣龙达4️⃣锡切斯5️⃣马德里6️⃣罗卡角#春节摄影大赛# O绿洲 收起全文d,02月04日 21:17,评论 , ,
BCNOCI影像社西班牙,拍摄地分别是：教堂内景、桂尔公园、圣家堂，非常经典的三个地方，可以说是巴塞罗那必不可少的旅游元素了，随时沟通哦！ 2西班牙·巴塞罗那 ​,02月04日 20:57,评论 ,2,西班牙·巴塞罗那
欧洲旅拍-麦小麦,拍摄地分别是：教堂内景、桂尔公园、圣家堂，非常经典的三个地方，可以说是巴塞罗那必不可少的旅游元素了，随时沟通哦！ 2西班牙·巴塞罗那 ​,02月04日 20:49,评论 3, ,西班牙·巴塞罗那
厉害了大城小镇,#旅游#巴塞罗那旅游记录：人生无常，不如我们去旅行  L厉害了大城小镇的微博视频 ​,02月04日 19:59,评论 1, ,
阿天摄影,#西班牙# 巴塞罗那地铁最有意思的是下车要自己扳门把手开门的 @西班牙旅游局 ​,02月04日 16:51,评论 2,1,
木_目WooderGallery,西班牙·巴塞罗那：这座充满魅力的西班牙城市，据说比罗马的历史更悠久，也是西班牙最多访客的城市，更是地中海区地理面积最大的城市，其艺术、文化气息浓厚，历史底蕴也非常丰富。#摄影# #随手拍# #带着微博去旅行# #每日一图# #旅游# #遇见美好# #手机摄影# #旅行摄影# #旅行# #值得去# 摄影 旅行 每日一图 旅行摄影 摄影 遇见美好 #世界旅游# #西班牙# 西班牙 #巴塞罗那# 巴塞罗那 收起全文d,02月04日 11:29,评论 , ,
泓333美妆,#易烊千玺2020前路遂心与你同行##易烊千玺朋友请听好# @TFBOYS-易烊千玺 有新粉没看过这个视频吗易烊千玺巴塞罗那游记，旅游的小千超级可爱，看完没有不喜欢他的L易烊千玺JacksonYee工作室的秒拍视频 一心一意易烊千玺 ​,02月04日 03:49,评论 2,1,
双人徐钰钰子,关于在巴塞罗那的3days，其中一天去了sitges，上一个视频有，第一天去了米拉和Tibidado，因为淡季没有开门，但是俯瞰整个巴塞非常美，建议小火车哦。圣家堂不说了，就是震撼➕腿疼哈哈哈，有大学时期一直唱的圣母颂 2西班牙 L人见人爱小徐子的微博视频 ​,02月04日 02:36,评论 2,2,西班牙
Condom酱乐乐没睡醒-,#易烊千玺2020前路遂心与你同行##易烊千玺朋友请听好# @TFBOYS-易烊千玺 有新粉没看过这个视频吗易烊千玺巴塞罗那游记，旅游的小千超级可爱，看完没有不喜欢他的L易烊千玺JacksonYee工作室的秒拍视频 一心一意易烊千玺 ​,02月04日 01:47,评论 3,2,
卞虞雍雍驯,【Barcelona 巴塞罗那】我曾经在巴塞罗那住过三年，这些照片是我在一个周末，随意闲逛这个城市时拍摄的。我没有选择去一些旅游景点，只是行走于这个城[抱抱_旧]市，捕捉我认为特别并且与众不同的事物，我非常想念这些事物，它们是我在其他任何城市找不到的。 ​,02月04日 01:04,评论 , ,
_黄小静_,草稿箱里发现一条没发出去的微博    不能旅游的日子  不然就炒炒冷饭吧漫步新港  来到了 心心念念的巴塞罗那  今日住在赛道旁边  我好像与F1特别有缘   阿布扎比  墨尔本  只要我所在的城市有赛道 2德国·Hotel Augusta ​,02月04日 00:28,评论 ,1,德国·Hotel Augusta
曹三儿,宅家的日子终于把在巴塞罗那的视频剪了只剪了上 还没剪下 嗯开始想念那里了.....希望可以尽快恢复正常生活希望接下来能多听到一些好消息在家无聊吧  无聊的话可以看看 希望可以给你带去一点快乐西班牙巴塞罗那旅游vlogVLOG和异国恋男友相约到巴塞罗那生活几天（上）  L曹三儿的微博视频 ​ O抽奖详情 收起全文d,02月03日 21:34,评论 693,613,
桐月欢欢,里斯本再见～中国我回来啦～我觉得巴塞罗那，瓦伦西亚和马德里在我学会西班牙语后会再来一次的～我有点想念上海想念爱我和我爱的人～旅游是一件会让人上瘾的事情～ ​,02月03日 19:24,评论 2,3,
萌本不萌尴尬的阿呆,#易烊千玺2020前路遂心与你同行##易烊千玺朋友请听好# @TFBOYS-易烊千玺 有新粉没看过这个视频吗易烊千玺巴塞罗那游记，旅游的小千超级可爱，看完没有不喜欢他的L易烊千玺JacksonYee工作室的秒拍视频 一心一意易烊千玺 ​,02月03日 17:34,评论 2, ,
致远旅视,#不止旅行##风景##旅游##带着微博去旅行# 西班牙巴塞罗那酒店 L宁宁微视的微博视频 ​,02月03日 14:03,评论 ,2,
木_目WooderGallery,西班牙·巴塞罗那：除了作为游客的热点，圣家堂其实也是个活跃的教堂，每年举办很多弥撒和团契活动。要支撑起一座这么高而且巨大的建筑物，设计上充满挑战，教堂里的设计无处不见巧思。身在教堂里面，会有种在树林里的感觉，柱子长得跟大树很像，往上伸延开叉，壮观无比。#摄影# #随手拍# #带着微博去旅行# #每日一图# #旅游# #遇见美好# #手机摄影# #旅行摄影# #旅行# #值得去# 摄影 旅行 每日一图 旅行摄影 摄影 遇见美好 #世界旅游# #西班牙# 西班牙 #巴塞罗那# 巴塞罗那 #圣家堂# #教堂# 收起全文d,02月03日 12:45,评论 , ,
旅行家小胡胡,#旅游推荐# 夕阳笼罩下的西班牙🇪🇸巴塞罗那 #夕阳# ​,02月02日 23:52,评论 6,4,
容娜rona,#娜吃货在巴塞罗那##零食##每月零食空袋# 今年开始想做一个微博主题，是关于每个月零食空袋的分享，化妆品护肤品能每月空瓶铁皮，零食也应该有这样的一个机会被表扬或者批评. 只是我这个分享有局限性，因为坐标西班牙巴塞罗那，分享的零食可能在欧洲的同学比较容易购买，不过万能的某宝可能也能满足国内的小伙伴. 或者也可以作为参考给来西班牙旅游的小伙伴们.2020年一月上半部分还不错，但到了快过年开始就接二连三的遇到的都是影响心情的事情，个人生活上也遇到了突发变故，所以后面也没有什么心情吃东西，本来还考虑现在这个时候还要不要发这个微博. 但是情况再糟糕生活还得要继续不是？另外也给小伙伴们发些福利吧，这条微博是2020年一月零食空袋，以后每月初会发上一个月的零食空袋，每月凡★转发★我零食空袋微博并且@ 我的小伙伴随机抽一个人，可以任意从当月的零食中挑选一款免费送，我五月中旬回国的时候会将零食带回国并且快递寄给小伙伴！@B不了 @马德里的流浪猫 @LeonLi_BCN @就系alice哇 @C_C_Cindy @吃货MENU @冰淇淋梳乎厘 @cheese麵包包 @chen丶pp @一块肥美的肥肉 @零食主义控 @美食安利公司 2西班牙·巴塞罗那 收起全文d,02月02日 23:24,评论 16,4,西班牙·巴塞罗那
盘丝蜜蜜,miootd 翻到手机里的存货，加泰罗尼亚音乐厅，在巴塞罗那老城区，西班牙真是个不错的旅游目的地，我的遗憾是一个人去且没带充电宝 ​,02月02日 23:02,评论 2,5,
不会打牌的黑桃A,前段时间一直跟着一个喜欢的博主在云旅游西班牙，去了好多博物馆，还在雨雪交加的时候坐火车去了巴塞罗那。现在那些旅游微博全被删了，莫名觉得自己的一段记忆也没有了。所以为什么删掉呢 ​,02月02日 22:13,评论 1,1,
一只画画烊,存图存到手软，谢谢博主@HengSiuWern 太厉害了易烊千玺卡通旅游版：        我想去 哥本哈根 /台北 /首尔 /东京 /纽约 /云南 /洛杉矶 /日内瓦 /巴塞罗那  / 海南 /东京 / 巴黎 / 雅加达  / 广州 /北京  /重庆 /香港 / 成都 ……所有所有你走过的足迹🌎#易烊千玺带我看世界##易烊千玺卡通版#一心一意易烊千玺 收起全文d,02月02日 21:22,评论 ,39,
木_目WooderGallery,西班牙·巴塞罗那：最赫赫有名的圣家堂，是欧洲最高的宗教建筑，由19世纪西班牙的传奇建筑师高第所设计。时至今日，这座教堂已经兴建了超过一个世纪了，依然在兴建中，建筑物的牌照还是去年才颁发的。照片上还能看到工程的痕迹，目标在2026年完工，也刚好是高第逝世100周年纪念，非常有意义的一年，一起期待2026吧～#摄影# #随手拍# #带着微博去旅行# #每日一图# #旅游# #遇见美好# #手机摄影# #旅行摄影# #旅行# #值得去# 摄影 旅行 每日一图 旅行摄影 摄影 遇见美好 #世界旅游# #西班牙# 西班牙 #巴塞罗那# 巴塞罗那 #圣家堂# #教堂# 收起全文d,02月02日 19:57,评论 , ,
